filename,speech, speechV,Avgf0,Avgf1,Avgf2,Avgf3,Avgf4,Avgf5,Avgf6,Avgf7,Avgf8,Avgf9,Avgf10,Avgf11,Avgf12, total_energy,total_F,total_SFM
0_listens1-audio-24-05-2014-15_40_24.wav,yes, yes,3.41279217041,4.73954657423,6.07877893045,6.1858902284,6.15705017549,6.54738562012,7.33584253645,7.7186018682,8.05007578835,8.33400203949,8.44866633277,8.39545691933,9.26923241972, 40.01783301170456,398.70000000000005,-2.9865832516203628
0_listens1-audio-24-05-2014-15_45_25.wav,yes, yes,3.35683045563,4.61527977221,6.00767860789,6.33766234317,6.44706240372,6.5211948091,7.07358245319,7.70616852159,8.08289355719,7.98440457721,8.1133903256,8.28333152681,9.33326103073, 39.982730780723294,354.5,-3.2058120108928625
0_listens1-audio-24-05-2014-15_55_26.wav,yes, yes,4.79623029755,6.24221460213,7.50648741375,7.07827330923,7.19724564879,7.54597512108,7.37100593349,7.40492056733,7.58035483339,8.04063767304,8.34362657922,8.34099361903,8.24806442271, 42.00576225247354,484.8,-2.578201514787705
0_listens1-audio-24-05-2014-16_00_26.wav,yes, yes,6.61930940245,8.07703253675,8.62464499391,8.58694817848,8.50069432316,8.88911928341,9.04321161028,9.04743456235,9.14064436406,9.26745471227,9.49729317951,9.77569716778,10.1758368997, 48.0830050431825,300.6,-2.1543894648816626
0_listens1-audio-24-05-2014-16_05_27.wav,yes, yes,8.32780563475,9.39602584311,9.91932508058,10.0537811819,10.2962956288,10.7305553813,10.9836010999,10.9496528675,11.000143008,11.0965868707,11.2445477715,11.4447289569,11.5572241692, 55.717516096788806,432.6,-3.072428643657397
0_listens1-audio-24-05-2014-16_15_28.wav,yes, yes,5.98907740036,7.37550804349,7.84012962634,7.70870120864,7.7103196173,7.82483728248,7.98247369817,8.14705421276,8.25634120011,8.51543059552,8.8171688689,9.09947291515,9.21192115416, 44.22346446935357,431,-2.0832284067408544
0_listens1-audio-24-05-2014-16_30_29.wav,yes, yes,9.57135762328,10.4770449111,10.7945937892,10.8356290498,10.666927869,10.9509192505,11.2322866119,11.306889561,11.5082004671,11.6515316815,11.5817212048,11.6035271774,11.5066100512, 58.61885763709422,301.1,-3.8181909669965735
0_listens1-audio-24-05-2014-16_35_29.wav,yes, yes,6.39433019999,7.84334453098,8.26833088313,8.5311579723,8.60809032852,8.96412824382,9.18465599142,9.35192677909,9.64471648344,9.84491159533,9.95152044357,10.0156123683,10.0484745458, 47.46080308021089,302,-2.5088866439217203
0_listens1-audio-24-05-2014-16_40_30.wav,yes, yes,5.18310535715,6.63546505538,8.05009979949,8.5805416484,8.40375438917,8.59803237473,9.069384596,8.65576164322,8.78662386423,8.62926349532,8.41296569016,8.65702653944,8.71526448289, 46.496951151431084,382.70000000000005,-5.234228355750956
0_listens1-audio-24-05-2014-16_45_30.wav,yes, yes,6.25406382936,8.48461352674,9.08698780857,8.80541793111,8.70055784041,9.09693141485,9.24101824568,8.88302049276,8.5024469093,8.49412128066,8.66136645509,9.10850369901,9.42614634241, 49.28185831678528,377.3,-2.770590977159245
0_listens1-audio-24-05-2014-17_45_09.wav,yes, yes,4.86764344135,7.75300756419,8.41633060327,7.99896457188,8.03028333914,8.63233708754,7.79279249884,6.95240332327,7.16385895071,7.1724273498,7.2901529779,7.16300225999,7.05071673522, 44.9385967517122,399.3,-4.587668294884297
0_listens1-audio-24-05-2014-17_50_10.wav,yes, yes,5.66291232897,7.56336364456,8.06067943661,7.85857540869,8.59826753436,9.17065498349,9.58532042574,9.38411112413,9.22516113979,9.14829094486,9.15681493908,9.34972063792,9.53743614621, 49.00925133327416,528.2,-3.025061161769268
0_listens3-audio-01-06-2014-12_23_37.wav,yes, yes,5.93884911828,7.12469637602,9.18315242794,9.71009359649,9.53280439345,9.43691195562,9.92279921728,9.64174788228,9.91148371858,10.8648301847,10.8412077557,10.4379212556,9.94236080738, 49.996211586091654,332.3,-3.2940646601977863
0_listens3-audio-24-05-2014-13_53_48.wav,yes, yes,5.0271818947,5.65642053871,6.10342740643,6.43279878943,6.5488968922,6.93239008463,7.29333741099,7.55531783731,7.78074341,8.12891153697,8.34028328978,8.56945653537,8.82014938547, 41.31325178212324,2609.4,-1.6185612400185794
0_listens3-audio-24-05-2014-13_58_51.wav,yes, yes,6.92467097971,7.82948102191,8.49658729864,8.94607848916,9.29365158969,9.85787745958,10.2350624393,10.5859868501,10.9833468486,11.3511634815,11.4705815242,11.8516379505,12.0078691857, 51.8135160386481,302.6,-1.0533464452560186
0_listens3-audio-26-05-2014-09_48_07.wav,yes, yes,7.57551515022,8.74226097627,9.46578775491,10.639042668,10.9986216738,11.5058860504,11.5741622648,11.2389141813,11.0514925434,11.373672997,11.7105825846,11.8997256494,11.8272330824, 57.21949709450799,573.3000000000001,-2.4433724319410906
0_listens3-audio-26-05-2014-09_58_09.wav,yes, yes,7.65730447665,8.1992318257,8.96028713503,9.70601835728,9.59478172136,9.90898054282,10.4528559057,11.0298440588,11.6502625832,12.203690412,12.2707973685,12.3505190431,12.7047315119, 59.08516890650466,647.9000000000001,-2.062909850656438
0_listens3-audio-26-05-2014-10_08_10.wav,yes, yes,7.69231805386,8.28643894355,9.4835917011,10.3032403354,9.91614741586,10.4740203409,10.9963592137,11.4750918701,11.9285320919,12.3992082455,12.5404152799,12.7165797758,12.8751112278, 59.050950607527064,310.1,-2.520789345774984
0_listens3-audio-26-05-2014-10_13_10.wav,yes, yes,7.76445439456,9.3705510503,9.84224157092,10.8226679,10.1704305976,10.4612809686,11.3523397767,11.6577082934,12.1048618184,12.5261551046,12.3126192545,11.6772409777,11.6130644293, 58.45855469207492,300.7,-1.714837824630844
0_listens3-audio-26-05-2014-10_18_11.wav,yes, yes,9.14282284821,10.4587935402,11.1429992307,12.0168802599,11.6847116948,11.9029193388,12.6992244362,13.3677130654,13.893956663,14.0164354483,13.9172501602,14.1831399014,14.2608931772, 65.81183532027585,330.40000000000003,-1.3973226347321646
0_listens3-audio-26-05-2014-18_28_47.wav,yes, yes,6.14013746337,7.38188097858,9.04648561945,10.2714940512,9.88322123039,9.74573072741,9.53349680238,9.47677222406,10.0805336694,10.0852344939,9.89259480906,9.54479510712,9.57111353704, 50.15065918097697,300.8,-3.3655655597911247
0_listens3-audio-26-05-2014-19_08_01.wav,yes, yes,5.93461588635,6.9183178958,7.62791738921,8.0408539752,8.2393398522,8.47966568158,8.91386348018,9.00665908002,8.96332948078,9.01779633494,9.28749935469,9.55193677644,9.54639829202, 46.259661510257466,339.3,-2.863940265089055
0_listens3-audio-26-05-2014-19_18_03.wav,yes, yes,6.49740175497,7.98156983297,9.53644131233,9.60760119755,9.16453868126,9.2119347824,9.39649947309,9.20318016166,9.05976766354,9.24978631055,9.41935881305,9.57888065126,9.87203618414, 49.90249382017718,408.1,-3.2074556631967726
0_listens3-audio-27-05-2014-10_42_38.wav,yes, yes,5.21472687803,6.13538462981,7.12504874851,7.34809558332,6.85484296332,7.25912476233,7.61465455786,8.00592042717,7.99146940303,8.40690076995,8.56162626437,8.74807170589,8.62351263049, 41.719085919382344,366.70000000000005,-2.8239300746803364
0_listens3-audio-27-05-2014-10_52_39.wav,yes, yes,5.85162194989,6.97115034358,7.6216975436,8.08973603372,8.28839115408,8.43299795641,8.47268446621,8.50809055422,8.48285011363,8.75772207559,9.20439869616,9.55782415895,9.84261132365, 46.360291278321036,304,-2.1225797319098305
0_listens3-audio-27-05-2014-13_39_03.wav,yes, yes,5.61036124765,5.50793061825,5.85083803523,5.97898487936,5.98313868632,6.27623248105,6.58380393376,6.77771010581,6.91496026616,7.07886589737,7.20782824571,7.22548933273,7.22140964124, 38.31978289923935,301.3,-1.5563739750495706
0_listens3-audio-27-05-2014-20_32_59.wav,yes, yes,7.35907629664,8.87115115147,10.1360687165,10.5196395707,10.5917213063,10.6006582583,10.4648794394,10.848991802,10.947588315,10.8865457749,11.3910778042,11.4601596284,11.5816889972, 55.611937086698404,381.1,-2.4659139398530243
0_listens3-audio-27-05-2014-20_48_00.wav,yes, yes,6.03740655832,7.3024015105,9.27692842194,10.0986593594,9.50399856827,9.62356876064,9.95247034001,9.9074436223,10.0134315738,10.2560031412,10.3109576321,10.2400583037,10.1822573783, 50.85942822833332,445.5,-2.955780626266077
0_listens3-audio-27-05-2014-20_53_01.wav,yes, yes,5.48088297468,6.72138901883,8.57826799789,9.51020554792,8.6865444692,8.67886293311,9.08415117145,9.10913105886,9.38296271092,9.62559595461,9.65002521863,9.38396068048,9.17572430406, 47.31516600428874,327,-2.1595790480746024
0_listens3-audio-29-05-2014-18_15_41.wav,yes, yes,5.34574537265,6.26979187424,7.70221066733,8.18841944468,8.11421103018,9.12251910603,9.40989112414,9.14878545991,9.41632670394,9.41463919349,9.01173157378,8.8418418803,8.97765386365, 45.50622740770862,303.1,-2.4778032648134523
0_listens3-audio-29-05-2014-18_20_42.wav,yes, yes,6.78467672211,8.35522166787,9.17805773733,9.63410716744,9.70244738144,10.1518633361,10.446670907,10.4746371461,10.8561325666,10.6481864385,10.3161909332,10.2914302669,10.3804342469, 51.59820707741806,300.1,-5.163748532243477
0_listens3-audio-29-05-2014-18_40_44.wav,yes, yes,4.9349817354,5.86513538816,6.69608821084,6.9685741918,7.22145344577,8.13308338508,8.26944247081,8.38520829317,8.58695823757,8.53807122106,8.08798088132,8.02888954872,8.08832834532, 41.15548560774428,493.90000000000003,-3.8116375832679985
0_listens3-audio-29-05-2014-18_45_45.wav,yes, yes,8.57308527935,9.38189768298,9.94426278377,10.6798060825,11.6664951576,13.3127504266,13.6060255326,12.8106347487,13.5307039117,14.2905717646,15.2328234172,14.8310141029,14.2343507762, 62.88967808778287,353.3,-3.2925613672609066
0_listens3-audio-29-05-2014-19_05_47.wav,yes, yes,6.46567057262,7.37328250183,8.03548449539,8.17670792988,8.43270004589,8.8413144931,9.05991101001,9.03190743989,9.15137536506,9.07366021958,9.04138921291,9.22653388982,9.41461754328, 46.90133585351049,577.9,-2.661894646189052
0_listens3-audio-30-05-2014-09_50_57.wav,yes, yes,4.30884199312,4.86864088557,5.99793688424,6.39995186316,6.65079908827,7.33188145197,7.36122191647,7.30246921275,7.2700619163,7.41367536387,7.59853290897,7.86625317915,8.20114348605, 40.17132699293413,300.90000000000003,-1.8662016999875477
0_listens3-audio-30-05-2014-12_27_48.wav,yes, yes,9.9045349302,10.5267821811,11.2245449173,11.778049052,12.0296958483,12.61987397,12.7146465327,12.6814118028,12.5128081066,12.5648521459,12.5615184624,12.6816750633,12.8373939687, 61.33893833319827,627.6,-2.2557033628869383
0_listens3-audio-30-05-2014-12_32_49.wav,yes, yes,10.5430230425,11.0679030226,11.7347065058,11.8416664481,11.8775927333,11.992560395,12.1555337368,12.1624772741,12.0859856735,12.0686493338,12.1458816623,12.2937010294,12.3906679022, 62.78118899897416,301.5,-1.9286283035678806
0_listens3-audio-30-05-2014-12_37_50.wav,yes, yes,8.49450801139,9.37745614682,10.8090126001,11.2407703448,11.6687618855,12.2945474353,12.5515605017,12.3282455263,11.7706133421,11.4914121556,11.4040279283,11.5148013342,11.7411118835, 57.87758241142119,454.90000000000003,-3.6838945688677036
0_listens3-audio-30-05-2014-13_17_54.wav,yes, yes,10.5980370315,11.3555516492,12.2030306447,12.8142156154,13.5801265664,14.0656304965,14.3258944358,14.130834628,13.714944362,13.6041482529,13.631430694,13.6612571629,13.7300336439, 66.08534804374288,307.5,-2.6249885304739546
0_listens3-audio-30-05-2014-13_22_55.wav,yes, yes,9.37906371002,10.5820301909,11.7419963967,12.6003388325,13.2373656605,14.1533607832,14.3563836514,14.1932933945,13.9585493313,13.9149227691,13.6924698987,13.7259160114,13.8357782634, 64.59869243510596,331.40000000000003,-3.461632046413663
0_listens3-audio-30-05-2014-19_46_46.wav,yes, yes,9.73926221351,10.524206314,11.4263292587,11.8734702803,11.8231368605,12.1919247335,12.2028191354,12.2314171503,12.3972897382,12.6238760155,12.5399593514,12.4447022335,12.2877073945, 60.17934196841772,302.40000000000003,-3.3500579957806518
0_listens3-audio-31-05-2014-12_18_32.wav,yes, yes,10.476853746,10.9890802031,11.1882233786,11.3113967595,11.5820678091,11.9436813765,12.2741852198,12.4165676757,12.2211762517,12.2298527527,12.2973774749,12.4577311177,12.4586500659, 61.52306794390313,301,-2.709819880531562
0_listens3-audio-31-05-2014-12_28_33.wav,yes, yes,10.9369935134,11.469303102,11.6613545009,11.3596665726,11.2847247137,11.3432349486,11.3747269313,11.5067173044,11.6317274857,11.8681761305,11.9942766844,12.1037828026,12.2545928842, 62.139653859062705,443.8,-2.9574680239063897
0_listens3-audio-31-05-2014-12_38_34.wav,yes, yes,10.952924207,11.4899046691,11.1762293691,11.0964297914,11.2006052232,11.7151689199,12.0219021584,12.094141782,12.1009269397,12.1681049534,12.320537272,12.4319933317,12.5449909753, 62.41296592936703,304.90000000000003,-3.112616498732398
0_listens3-audio-31-05-2014-12_43_34.wav,yes, yes,11.22630927,11.8239606536,11.7656579258,11.7324220603,11.8141992776,12.139338491,12.465398557,12.6070165677,12.4665066369,12.4035724056,12.4759962539,12.6018538271,12.6661011539, 64.06592177935411,308.6,-4.047273508612511
0_listens3-audio-31-05-2014-12_48_34.wav,yes, yes,12.3497032687,12.7812384192,12.5245508768,12.0703116377,11.8918643133,11.925673505,12.0027903249,12.1082491513,12.1877904771,12.2916834445,12.4071838883,12.5035146869,12.6618458325, 67.6953992303237,301.1,-3.5682614092360923
0_listens3-audio-31-05-2014-18_35_40.wav,yes, yes,6.14168685379,6.36677029367,7.56914699246,8.16854978443,7.49608733167,6.98213961067,7.17763393546,7.19462978457,7.50808045733,7.95735733596,8.24284440402,8.48793687565,9.1261163276, 45.48510145908525,305.1,-1.8225738605712443
0_listens3-audio-call-24-05-2014-14_22_33.wav,yes, yes,2.82020066479,3.82958324138,4.76134502313,5.52647899889,6.16950961279,6.89734137602,7.40286968343,7.61194218154,7.73002369451,8.00820009975,8.10602892313,7.9140354505,7.72698746015, 37.0771495957775,348,-6.61292102052562
0_listens3-audio-call-30-05-2014-10_35_22.wav,yes, yes,4.51518446803,5.33240293198,6.63176221896,7.28377999651,7.26527962623,7.78699840943,8.07241761529,7.71301147677,7.72642631137,8.09929235143,8.6389038834,8.80266611469,8.35260320943, 41.45765960711652,315.5,-7.002476814289784
0_listens4-audio-03-06-2014-02_50_57.wav,yes, yes,-0.393978176275,0.954708601876,1.45384575392,1.45473302556,1.82827612376,1.91881571587,2.32505127914,2.50667203101,2.95353221982,3.40629660718,3.57283613885,3.59049743204,3.98795429249, 19.55876480723983,300,-0.7741998990700253
0_listens4-audio-03-06-2014-10_46_02.wav,yes, yes,5.55328322914,6.06396004583,6.43914164946,6.87501634478,7.39844369676,7.99634958496,8.32386883659,8.6013155013,9.02153514159,9.36578079795,9.65673516332,9.62993097984,9.77430036111, 42.17315559204467,345,-3.9135821407463536
0_listens4-audio-03-06-2014-10_51_03.wav,yes, yes,5.87458305898,6.46744586561,6.89270256554,7.18485283025,7.51740810498,8.10271073663,8.49427206643,8.6909885095,9.1398690531,9.5832609264,9.96157334325,10.3770614421,10.5507487403, 43.9365741204687,336.3,-3.5378364151661943
0_listens4-audio-03-06-2014-11_31_07.wav,yes, yes,6.34108488774,7.27715394435,8.2514051063,9.1153093512,9.30247635166,9.44431606791,9.47578290572,9.67349767243,9.90186647523,10.4266712909,10.9678222319,11.3536547252,11.5784656067, 49.73212564722513,352.8,-3.4076178770005834
0_listens4-audio-03-06-2014-11_36_07.wav,yes, yes,7.6983465539,8.77436553013,9.67632772256,10.6719810364,11.0213191823,11.0633772476,11.1108993585,11.1831474379,11.548380351,11.8975528897,12.2855966953,12.4968084783,12.55751161, 55.953307762869606,300.6,-3.2828251839052394
0_listens4-audio-03-06-2014-12_11_18.wav,yes, yes,4.29815106671,4.28022962183,5.079298824,6.30790139961,5.9831407171,5.80328606519,6.12438850227,6.48586957435,6.81747909706,6.9320365319,7.09413035384,7.35217639202,7.44897632568, 35.52614485117493,524.9,-3.396008871489815
0_listens4-audio-03-06-2014-12_36_21.wav,yes, yes,8.91665108452,9.9611845569,11.289883378,12.0783974295,12.6855628783,12.7666753478,12.0077092875,11.2413073329,11.0117908973,11.3204956379,11.6004777842,11.5037371874,11.3687261816, 61.17384999997023,409.6,-4.303801087869312
0_listens4-audio-03-06-2014-12_56_23.wav,yes, yes,6.93942148294,7.88301902051,8.69649697092,9.02011453853,9.62571432031,10.2271289161,10.5142271685,10.471904665,10.6681924749,10.9671220797,11.22657209,11.6440168926,11.6878851671, 51.70779198793326,368.90000000000003,-3.432907275648089
0_listens4-audio-04-06-2014-08_01_31.wav,yes, yes,8.11264662007,9.52157034573,9.26199674765,8.45827261723,8.55521391667,9.08597995591,8.94911307497,8.78586954843,8.62759427227,9.00112617686,9.62717331365,9.82446755926,9.82502462827, 52.872724707992944,349.20000000000005,-2.83058359447819
0_listens4-audio-04-06-2014-08_11_32.wav,yes, yes,6.9716258165,7.61234540636,7.21406512467,7.4407005191,7.10924633622,7.35793723987,7.72940032651,7.69230565015,7.79743888848,8.17805084354,8.43623787742,8.59494138637,8.72824185248, 45.91018840190478,380.8,-3.2560094881905486
0_listens4-audio-04-06-2014-08_51_37.wav,yes, yes,5.86528639226,7.6404693384,7.65938339732,8.00953225953,7.83420643484,8.31991612214,8.25795339767,8.10353544383,7.97900310899,8.40185046882,8.6762888242,8.43541616977,8.27520181229, 45.72616131835147,317.70000000000005,-3.5831006901023668
0_listens4-audio-04-06-2014-08_56_37.wav,yes, yes,10.7777468532,10.2030051737,8.72688729845,7.25977910544,6.67979616456,6.87814321215,6.59421947519,6.68899209855,6.80879520925,6.93377547242,7.60208640363,7.96257502521,7.97190611058, 57.22179063722251,321.1,-1.1798322098708098
0_listens4-audio-04-06-2014-13_15_13.wav,yes, yes,8.7756417618,10.2601444567,10.3497535497,10.4078580377,10.7015519482,10.9571469337,10.7161786671,10.6158792411,10.7834309845,10.8467245027,10.6843973514,10.8393288173,11.097054239, 56.632089873973726,301,-4.272054627784457
0_listens4-audio-04-06-2014-13_55_18.wav,yes, yes,7.46206199999,8.85973699813,9.21277918422,9.21903819843,9.53953556212,9.85106609492,10.2736369059,10.1358559642,9.88864108577,9.81301069346,9.88227064318,10.1395168691,10.3873583941, 50.90389471637078,300.3,-2.4418362262669064
0_listens4-audio-04-06-2014-19_11_46.wav,yes, yes,3.07638488003,4.96099909228,4.87366048662,4.90404700264,4.94626783296,5.41948770697,5.88591320424,6.32692306653,6.59517373767,6.75433416774,6.71601822952,7.09438009315,7.46617481837, 34.020708001563676,300.6,-3.1605818450582674
0_listens4-audio-04-06-2014-19_26_48.wav,yes, yes,3.48711232373,5.54561298626,4.91062257171,4.80941895632,4.79273366411,5.19414700871,5.62206866338,6.02411911724,6.35807926891,6.51572088398,6.42076111707,6.59644168841,7.04644289143, 34.25232962829549,345.20000000000005,-2.918155690432359
0_listens4-audio-04-06-2014-19_31_48.wav,yes, yes,3.84411837251,5.63193316964,4.86469000865,4.70882000033,4.6637450772,5.20903925824,5.79943564535,6.17206114237,6.52461603118,6.66396794224,6.7721988646,7.17937325213,7.5515981303, 35.2186667206269,547.7,-3.26819832431362
0_listens4-audio-25-05-2014-13_35_01.wav,yes, yes,3.26195832732,3.86883123844,4.5528146839,4.92530240919,5.02771475759,5.92208248637,6.53669762464,7.22097752702,8.08534552937,8.32858459341,8.67373922923,9.18819628731,9.06458315809, 36.698714320916764,367.90000000000003,-4.691791244562714
0_listens4-audio-25-05-2014-13_50_03.wav,yes, yes,3.42249777702,4.41431666269,5.02122745818,5.30823803235,5.2662319832,5.92977784885,6.6137666321,7.1916980935,7.87224368613,8.30872486224,8.43273268268,8.46174711843,8.54648139284, 36.608863893314876,426.90000000000003,-3.1666915792061814
0_listens4-audio-26-05-2014-13_03_47.wav,yes, yes,4.28458167896,4.99956102429,5.7043394466,6.19404417651,6.68521688525,6.73773918113,6.72398894072,6.89486145025,7.01784265356,7.29644274133,7.72453689705,8.08295307016,7.98849017669, 38.867932327178245,364.1,-2.5906828811479503
0_listens4-audio-26-05-2014-13_58_54.wav,yes, yes,7.65999613518,7.49771066194,7.98254307231,8.24397763941,8.60215213714,9.37317709282,9.93135075714,10.4211367703,10.6719648995,10.8759530198,11.0181804851,11.23201172,11.4081038578, 50.75863173642051,635.5,-2.695782270995384
0_listens4-audio-28-05-2014-08_04_28.wav,yes, yes,6.43089717402,6.42715535781,5.73664159006,6.0151008554,6.039901972,6.46786369287,6.93619560477,7.13369533126,7.38759493349,7.94157222092,7.86141016137,7.90303472611,8.1847229737, 41.53795624588307,471.70000000000005,-1.879606679630501
0_listens4-audio-28-05-2014-13_36_36.wav,yes, yes,4.32293306199,5.60103238867,5.61863268271,5.33548485246,5.32327956332,6.01154816504,6.35848709212,7.33265750313,7.45051009315,7.5149869744,7.65958930496,7.77303613001,8.24888611345, 38.05501862904601,314.70000000000005,-1.0604307081893294
0_listens4-audio-28-05-2014-23_17_48.wav,yes, yes,1.6002435322,3.14841201655,3.45542090145,3.08843610485,3.10012061051,4.20677206421,4.66175334437,5.37848854793,6.4333193792,6.14561776727,5.78752883301,6.39038818172,6.8484491672, 27.537667957508948,492,-1.7139627271257294
0_listens4-audio-29-05-2014-08_22_37.wav,yes, yes,2.74990473152,4.12610184766,4.74213040743,4.67329071836,4.6323415355,4.70093253309,4.71931984326,5.2526391422,5.68026700287,6.11096895588,6.08517649052,6.18405038055,6.41413250951, 31.301687765919503,301.7,-0.8856489720680311
0_listens4-audio-29-05-2014-08_27_38.wav,yes, yes,2.49387729763,3.80377935091,4.49364210904,4.86901716463,5.80913467042,6.10900988115,5.78502897645,5.92274975082,6.38534523661,6.89249448554,6.93912605808,6.74955610824,6.70236313213, 32.66859391321708,309.6,-1.2315809174825958
0_listens4-audio-29-05-2014-08_57_41.wav,yes, yes,1.16956323331,3.50912176336,3.81454265873,3.88627164397,4.31385245473,4.5445522788,4.48116345244,4.71555473227,5.46967468966,7.08599419155,7.09996661162,5.89092920549,6.3880712647, 28.565465410987326,1153.6000000000001,-1.827872757564983
0_listens4-audio-29-05-2014-09_07_42.wav,yes, yes,1.47662083709,3.73889908848,4.21167013334,4.10825828898,4.76023995992,5.0714976874,5.36306632171,5.47660651869,5.52494460136,6.32382018688,6.47513228892,5.5902340423,6.01483871927, 29.992906966214534,323.90000000000003,-2.0218058758615345
0_listens4-audio-29-05-2014-12_25_57.wav,yes, yes,3.34460326129,4.15000899798,5.16042485998,6.05000065657,6.61353269136,7.48891028551,7.41940795458,8.28262586146,8.55846576223,9.14617311805,9.7403437453,9.43420037364,8.92370725375, 39.15634333334507,321.5,-4.347945954457198
0_listens4-audio-29-05-2014-12_46_00.wav,yes, yes,4.76499372334,5.42640747556,6.42348010413,7.1595894872,7.41416607636,8.46068412547,8.59701354627,9.0792247352,9.41498007483,9.80896952605,10.1966125028,10.6245166922,10.5835243393, 45.086781124370155,482.5,-4.709074215739014
0_listens4-audio-29-05-2014-13_16_03.wav,yes, yes,2.87708913707,3.68686429956,4.73500962833,4.79711290201,5.32593960678,5.8971282284,6.30736983663,7.41897120058,8.63206004605,8.32946287395,8.84019994376,8.89181737222,8.6110590823, 36.06685585674322,925.1,-2.6763547318084875
0_listens4-audio-29-05-2014-18_40_16.wav,yes, yes,4.97020796047,5.90432600378,6.54214855203,7.03276739096,8.82784272922,8.84635423915,7.78979427283,7.44541510922,6.85412450784,6.67607891906,6.79545770033,7.13400699067,7.39543276204, 42.31231234197377,421.8,-3.135343307113915
0_listens4-audio-29-05-2014-18_45_17.wav,yes, yes,5.31287535987,6.18562765004,6.63628897395,7.43542143102,8.67962099068,9.16687314493,8.36217801341,8.23297965394,7.35109846209,7.23115642578,6.96889318706,7.17109954495,7.3494241163, 43.69202485121206,740.8000000000001,-6.8399273275325205
0_listens4-audio-29-05-2014-18_55_18.wav,yes, yes,5.19489699955,6.84454446911,7.72785493821,7.59795403965,7.9944032427,8.30187530673,7.76805706344,7.69967133985,7.47573124216,7.48859402727,7.3007384912,7.27260428214,7.33289198653, 43.35609549330669,300.90000000000003,-2.7719519755336974
0_listens4-audio-30-05-2014-02_07_06.wav,yes, yes,2.87978685503,3.56115516594,4.89612923853,5.63035102665,5.14117802848,6.45720085696,6.85938347295,7.2519902952,8.06118338255,8.35271734909,8.63390611939,8.57937493809,8.5309079902, 35.94665505534517,325.70000000000005,-5.480291557050594
0_listens4-audio-30-05-2014-02_32_09.wav,yes, yes,4.60608264812,5.45589038094,6.7726373895,7.25884853133,7.1550203045,7.68429084766,7.75367447074,8.45787211612,9.02965356068,9.19132208626,9.55010130947,9.61370506752,9.51704452428, 42.707723433395444,375.5,-4.00280637509299
0_listens4-audio-30-05-2014-10_51_51.wav,yes, yes,7.32814148221,8.92771829408,9.01840066153,9.37041583345,10.084883583,10.8913401383,10.9271198332,10.8940284138,10.4468312343,10.0632980915,9.94413615342,10.1639306295,10.2801924261, 52.18687383174573,329.3,-2.906195245103221
10_listens1-audio-24-05-2014-15_40_24.wav,yes, yes,3.2193565637,4.32556413075,5.43552896277,5.26051669235,5.78273884674,6.15075058151,5.94373269463,6.75653953413,7.48114782105,7.14172880284,7.01108873001,7.30260630649,9.20873124193, 35.7126600399859,344.415125,-2.9237237546967005
10_listens1-audio-24-05-2014-15_45_25.wav,yes, yes,3.04554935288,4.16449669686,5.48396899932,5.34030233585,5.78491737844,5.85133054503,6.90873780581,7.5787003096,8.12920902833,8.37251914929,8.62017448842,8.56357834565,9.56237867905, 39.15369978313591,355.82225,-2.296824395905104
10_listens1-audio-24-05-2014-16_00_26.wav,yes, yes,8.81670003001,9.90251263203,10.0078827624,9.96196504633,9.90658588488,10.0372882064,10.2556245068,10.3201156229,10.4159654826,10.6219451596,10.8694684116,11.1643364107,11.421807027, 55.12445444286865,301.6884375,-2.146054894290851
10_listens1-audio-24-05-2014-16_05_27.wav,yes, yes,9.21134880373,10.3126550421,10.5081139671,10.4180119569,10.2746799494,10.631938646,10.7526635658,10.788258045,10.813363783,10.8738305695,11.0453193506,11.4222053491,11.7334302843, 57.04692445972616,301.988625,-2.453251063124007
10_listens1-audio-24-05-2014-16_15_28.wav,yes, yes,5.84203299871,6.94031023757,7.26878694174,7.12837026205,6.95162022023,7.15794168664,7.23441565618,7.30951106644,7.43744276906,7.72634210882,7.93662674106,8.0173303669,8.12093971529, 42.286861831644345,301.2881875,-2.0174002153244026
10_listens1-audio-24-05-2014-16_30_29.wav,yes, yes,6.19868163551,7.32985835292,8.39049671359,8.95725211748,9.07633039765,9.5210337694,9.98941635212,10.3065996272,10.2788046389,10.0572319469,9.7389373988,9.53404161092,9.4208315896, 49.043613525152594,301.7885,-2.68809161976002
10_listens1-audio-24-05-2014-16_35_29.wav,yes, yes,6.58299677144,7.8809361218,8.47240506207,9.17238245514,9.47482337076,9.8310085715,10.133914815,10.059910745,9.98911087413,9.99768986836,10.20901902,10.396834483,10.5744809285, 49.698755413647774,385.841,-3.5668401895381137
10_listens1-audio-24-05-2014-16_40_30.wav,yes, yes,6.46564549821,8.33701548744,8.88412887672,9.0055344528,9.24587713047,9.3316045394,9.03236568361,8.79920599507,8.71095046469,8.81167700382,8.92932891197,9.07920383594,9.165612607, 49.03854670649247,305.791,-3.0548521487475444
10_listens1-audio-24-05-2014-16_45_30.wav,yes, yes,6.68238232941,8.90093340903,9.50511349118,9.55441991372,9.91036218996,9.75248775615,9.49123121384,9.6033353743,9.80649767057,10.1143429485,10.2937560461,10.4186667598,10.4381099738, 52.21900080215813,306.4914375,-3.745379441319871
10_listens1-audio-24-05-2014-17_45_09.wav,yes, yes,4.70392260256,6.8977980365,7.60859005912,7.56887649811,7.59576996307,8.06567946268,7.58103946025,6.99442976905,7.11360298878,7.60747536146,8.18459725895,8.05223246146,7.61603554996, 43.16781571739666,300.988,-4.017943965792968
10_listens1-audio-24-05-2014-17_50_10.wav,yes, yes,4.48553688278,6.97873435031,7.4794817576,7.03583600508,7.1659995332,7.14134031391,6.70411701955,6.36748343943,6.42480357252,6.26748630185,6.63019915449,7.08796741985,7.21657947683, 42.18576025113375,310.794125,-2.434293197506068
10_listens3-audio-01-06-2014-12_13_35.wav,yes, yes,4.61516423849,5.44290370981,6.24691413426,6.57205858074,6.9537281786,7.25903960884,7.41003329679,7.87836206627,8.45474546761,9.0461379535,9.47364349872,9.25394795357,8.99575771728, 43.103043240475515,442.5764375,-1.3765926408653613
10_listens3-audio-24-05-2014-13_53_48.wav,yes, yes,9.22259592263,10.1111992905,10.6810648153,10.9876365915,11.2367145324,11.750773397,12.0828265645,12.3461275747,12.5338818756,12.7022498766,12.9155820685,13.0878889473,13.2285268314, 58.93996429110735,302.98924999999997,-2.004494762209952
10_listens3-audio-24-05-2014-13_58_51.wav,yes, yes,8.10756441857,9.15124630353,9.85983937566,10.2718093697,10.7246951826,11.2459924593,11.6647128087,11.9717694214,12.2687557624,12.5131651439,12.7256223503,12.9446660268,13.1343485153, 56.94190048715215,303.589625,-1.2328462655160177
10_listens3-audio-26-05-2014-09_28_05.wav,yes, yes,8.6929633983,9.47310024987,10.0418956351,10.8979007568,11.992792062,12.9872980175,13.2875419726,13.2901715657,13.0949261698,12.829218083,12.5729795081,12.6038982145,12.6234176816, 63.199383353776625,420.5626875,-2.025053473164471
10_listens3-audio-26-05-2014-09_38_06.wav,yes, yes,5.8118981749,6.85167406539,8.76772194029,9.26548870621,8.40969429766,8.94378381077,8.90101191515,8.4681250401,8.40339313671,9.16436597576,9.65189803669,9.61347974326,9.23827659914, 47.599983004373556,308.392625,-2.47901253711762
10_listens3-audio-26-05-2014-09_43_07.wav,yes, yes,8.0763690172,8.97219251989,9.71897002137,9.9400773788,10.2160480032,10.4512024469,10.6752311889,10.9728863662,11.2419564256,11.3947074882,11.6718289292,11.8350065597,11.8373267469, 54.25292826739464,303.0893125,-2.301269738132105
10_listens3-audio-26-05-2014-09_48_07.wav,yes, yes,8.36544273047,8.94750408772,9.6936040066,10.2558214428,9.97393321698,10.5956181622,11.1538296285,11.8952436895,12.7731275472,13.4548663822,13.3442660787,13.1526029053,13.305194735, 63.462954857446654,885.6531875,-1.977265574852149
10_listens3-audio-26-05-2014-09_58_09.wav,yes, yes,8.77119782369,9.24692752258,10.0857435008,10.8304816942,10.6776738052,11.1618109453,11.7554562199,12.2063010994,12.9561354225,13.7357071177,13.9321555706,13.6579988373,13.8157938514, 65.03617425308111,975.609375,-1.8330850637390306
10_listens3-audio-26-05-2014-10_08_10.wav,yes, yes,7.17235148135,8.37459873528,8.98005217308,9.60334720975,10.1545890763,10.5229798551,10.579172841,10.5681526784,10.8692111719,10.9240219129,10.9906867516,11.2387077906,11.5432079463, 54.18753505660737,330.1061875,-3.161410196306832
10_listens3-audio-26-05-2014-10_13_10.wav,yes, yes,8.13247621355,9.87800825481,10.5737103606,11.3515838733,10.7899916723,10.479988376,11.5092294356,12.4135430919,12.7083376332,13.0582582912,12.7908474368,12.7428146183,12.8008675391, 60.83254469741973,300.2875625,-1.6172353840408558
10_listens3-audio-26-05-2014-10_18_11.wav,yes, yes,9.73929187181,11.061475127,11.6094414989,12.7504711043,12.2851870281,12.3130062109,13.2911424406,14.6946948052,15.2571154294,15.2534294519,15.3049375306,15.7944568499,15.5774295239, 69.4095034626874,310.794125,-1.4352161956913287
10_listens3-audio-26-05-2014-18_28_47.wav,yes, yes,6.21149552067,7.38418101867,8.7456813784,9.19625176498,8.99869765068,9.02999862754,9.17606596237,9.4497897874,9.82137856509,9.99100913309,9.83571201156,9.35003809042,9.41538786563, 48.08013884685235,302.388875,-2.63110015789949
10_listens3-audio-26-05-2014-19_03_01.wav,yes, yes,7.3978048864,8.88559702287,10.3754102393,10.7767226697,10.3909179965,10.2435270297,10.3529589408,10.332317764,10.1534105664,10.307423443,10.3745533491,10.2295072951,10.3271600549, 54.45225145519651,327.3044375,-3.341137928347803
10_listens3-audio-26-05-2014-19_08_01.wav,yes, yes,7.07503178411,8.68642137777,9.62086087059,10.1441097103,10.4564934736,10.869645149,11.3506796044,11.4455129545,10.6728665801,10.4014969423,10.6135941427,11.0532209164,11.6192189584, 54.15694802322871,352.62025,-4.182725501820673
10_listens3-audio-26-05-2014-19_13_02.wav,yes, yes,7.15173946437,8.80587973972,10.2168362467,10.2492786002,9.44024094558,9.19281266974,9.30780794738,9.78976286978,10.0131036655,9.77319441176,9.9960764818,9.91086636344,10.0193461936, 52.47769470532652,388.3425625,-3.4806894119837355
10_listens3-audio-27-05-2014-10_42_38.wav,yes, yes,6.15588982735,7.10337953487,8.02293033008,8.26976237183,8.15557285265,8.34360433903,8.3618801589,8.3764269556,8.55592724363,8.87220158063,9.05934598809,9.08895620347,9.0148947666, 45.48168169776341,314.19625,-2.5893568945854715
10_listens3-audio-27-05-2014-10_52_39.wav,yes, yes,7.34725605241,8.92582212909,9.57225531132,9.71503966813,9.40115448144,9.19683636833,9.29453033996,9.44492506803,9.21547093077,9.29719391381,9.76699155006,10.1857658315,10.5139810757, 52.61989812053432,303.3895,-1.9989795008445521
10_listens3-audio-27-05-2014-13_24_01.wav,yes, yes,6.33369173262,6.42778794601,6.85021303589,7.28820703132,7.86836066559,8.50212787917,8.89373486297,8.67220135841,8.38185074717,8.40221961969,8.5223125612,8.97703537462,9.29477500151, 44.72537506211141,318.0986875,-2.5303870300320352
10_listens3-audio-27-05-2014-13_39_03.wav,yes, yes,6.14785234807,5.96926985836,6.34125097326,6.4535208897,6.56683358824,6.77839417626,6.99370527093,7.09189624207,7.10690085367,7.2375896306,7.36888800597,7.51439012656,7.54032905818, 39.93514414352097,306.4914375,-1.9804541301903584
10_listens3-audio-27-05-2014-13_44_03.wav,yes, yes,6.32399160119,6.05835081977,6.36590653725,6.47053058989,6.58020070771,6.89576394361,7.11572090018,7.10391801986,7.20303173948,7.34744837468,7.47498260125,7.62082454257,7.8100702892, 40.738148408258134,301.8885625,-1.6872563846698299
10_listens3-audio-27-05-2014-20_48_00.wav,yes, yes,5.42552525952,6.2159948174,7.51428730072,7.87352967291,7.86062379042,8.41004428938,8.19756659192,8.38777567263,8.27314759828,8.44626017866,8.46754204216,8.59462938002,8.43010406657, 43.54704508738292,433.0705,-2.921871949074285
10_listens3-audio-27-05-2014-20_53_01.wav,yes, yes,4.81700143216,5.75512750514,7.02384491618,7.2978713133,6.97675973441,7.16820765719,7.23007401129,7.43692450085,7.52242079852,7.65282751392,7.72591207721,7.78137387345,7.68514970882, 39.72352469902021,431.5695625,-3.3324460368081783
10_listens3-audio-29-05-2014-18_15_41.wav,yes, yes,8.94782899822,9.9724878192,10.6265537758,10.9277438428,11.4649302157,11.8022201235,11.7888931681,11.6632354844,11.6982793623,11.5274447793,11.4168007362,11.4248461155,11.62335765, 58.6455753023641,397.7484375,-3.014536908578608
10_listens3-audio-29-05-2014-18_20_42.wav,yes, yes,6.16143970146,7.25545807143,8.26161412804,8.50250443474,8.65976560479,9.4955835903,10.031176751,10.3985688669,11.0524508099,11.0375898735,10.637328335,10.4413213597,10.4041812904, 48.988330153315005,301.6884375,-4.03528364759513
10_listens3-audio-29-05-2014-18_30_43.wav,yes, yes,5.24849063697,6.16389395342,7.25727250135,7.79141324095,7.51551001418,8.29249774111,8.76775152984,8.48088906045,8.98956730941,8.70021513889,8.27291723983,8.31472853633,8.70537498449, 43.44497229377507,526.1286249999999,-2.9895047610765206
10_listens3-audio-29-05-2014-18_35_44.wav,yes, yes,6.2808770003,7.39909900578,8.05844539243,8.4202112358,8.64840379927,9.45427912974,9.51293848689,9.34616124965,9.75528114368,9.5848373697,9.08523603852,8.64671289696,8.6731333707, 46.923100244813895,535.8346875,-4.955717136083992
10_listens3-audio-29-05-2014-18_40_44.wav,yes, yes,6.96311976219,8.41651345918,9.49220518611,9.91123631142,10.6424429063,11.5763018608,10.8213486683,10.5545471551,10.8946211895,10.4371991626,9.85812401358,9.68560003742,9.56797000971, 53.00925379966456,377.43575,-5.194519114608538
10_listens3-audio-29-05-2014-18_45_45.wav,yes, yes,10.1777282651,11.8755557014,13.0251438848,13.3058036917,14.0303068651,14.1429095876,13.7879355465,13.3798728486,13.4170538816,13.5617517915,13.5190366369,13.6042220383,13.6234154739, 67.78078712330414,357.42325,-3.3768234552488283
10_listens3-audio-29-05-2014-19_05_47.wav,yes, yes,8.82127199875,9.34584820325,9.78893452285,10.0140995398,9.99267368415,10.1487175117,10.5392862339,10.5317758034,10.4178451751,10.5606378896,10.6133228639,10.8726691617,11.1271257881, 56.0012475112044,659.3118125,-3.025708401595394
10_listens3-audio-30-05-2014-12_27_48.wav,yes, yes,12.6425047554,12.7882997047,13.0269254758,13.3994817959,13.8417478877,14.423374041,14.5593995507,14.5976933446,14.5379555624,14.2646453277,14.0622374845,14.1641152206,14.3498923808, 71.37858668514788,514.0210625,-2.263248555987496
10_listens3-audio-30-05-2014-12_37_50.wav,yes, yes,11.8713428657,12.5434907574,13.020170641,13.2938705248,13.607577568,13.7837171934,14.2036180431,14.1427526405,13.6789578285,13.2686528036,13.1242651199,13.1553219163,13.4637486323, 68.05619040190216,301.8885625,-3.628105810581203
10_listens3-audio-30-05-2014-13_17_54.wav,yes, yes,11.0542073605,12.0364419318,13.0251318615,13.411417957,13.9966670779,14.5765471611,14.8280641337,14.9384274531,14.6652522785,14.4152727015,14.3383279701,14.3269145388,14.3192319983, 68.87197060575635,716.7476875,-1.1443088452971444
10_listens3-audio-30-05-2014-13_22_55.wav,yes, yes,9.30023119184,9.86164929193,10.9556248852,11.4922870951,11.4829689214,11.4172334106,11.6854902853,11.7541278713,11.3601047994,11.3640027785,11.3325049464,11.6421840442,11.8470673473, 59.70107160307602,363.627125,-2.4644986245769807
10_listens3-audio-30-05-2014-19_11_42.wav,yes, yes,11.1789173127,11.426156139,12.1692339115,12.5276757388,12.7913640854,12.8420810308,12.7205923403,12.7158357663,13.0307496493,13.1880404473,13.1634843028,13.3185181341,12.9814529513, 64.25200898051439,380.2375,-3.9449850769974804
10_listens3-audio-30-05-2014-19_46_46.wav,yes, yes,10.126280874,11.2248193397,12.2766396717,12.5253440609,12.5674426645,13.0386861228,12.955699868,12.9600600522,13.235499705,13.5180679873,13.2990731401,13.0571063272,12.8791149742, 62.65267737014989,310.2938125,-3.1941143966507437
10_listens3-audio-31-05-2014-12_18_32.wav,yes, yes,11.5530293128,12.3733364204,12.555905192,12.8534649142,12.9578984447,13.1187299605,13.3078433763,13.7285652154,14.475305605,14.9561076631,14.9245982434,14.7231953836,14.5308563557, 67.31365724470783,304.4901875,-3.600377922277295
10_listens3-audio-31-05-2014-12_28_33.wav,yes, yes,11.8408372159,12.462640983,12.6784345939,12.8814156177,12.8973196564,13.2484006667,13.4551987099,13.6767516489,13.5794399159,13.461764915,13.471814834,13.6321262825,13.8609348165, 68.25672467652427,559.2493125,-2.653740929543335
10_listens3-audio-31-05-2014-12_38_34.wav,yes, yes,12.0124023177,12.6835671787,12.8768914724,12.6604325861,13.0634368661,13.3451398194,13.7955526018,14.0467754014,13.8403354361,13.7176109773,13.9226585845,14.2460017531,14.3888337942, 69.146714552688,363.5270625,-3.182062507502848
10_listens3-audio-31-05-2014-12_43_34.wav,yes, yes,12.629134209,13.0452664316,12.7862924733,12.553233376,12.5230886597,13.0133100662,13.3152740382,13.2212471345,13.1150702798,13.1131202062,13.466109095,13.7091205051,13.6835851016, 69.36491227498702,365.42825,-3.2481651083948706
10_listens3-audio-31-05-2014-12_48_34.wav,yes, yes,12.8397317788,13.5273546922,13.3123761713,12.9524465638,12.7452911667,12.844567567,12.9876962853,13.1995745975,13.2855381418,13.4364204378,13.519108152,13.4910298939,13.4957798564, 69.93397296118816,301.588375,-3.2613262752279377
10_listens3-audio-31-05-2014-12_53_35.wav,yes, yes,13.1361580005,13.5774100201,13.113818176,12.5758030732,12.2293212156,12.1975340236,12.1868542855,12.3194881643,12.3508525334,12.4510402852,12.6272104059,12.595486719,12.5702975938, 69.93866719245999,304.59024999999997,-2.8708008595704366
10_listens3-audio-31-05-2014-18_35_40.wav,yes, yes,5.78407823736,6.17683385838,7.15502495236,7.96003784285,7.52906894146,7.42104044589,7.89601296183,8.05323787373,8.44783116793,8.7100664353,8.73197808698,8.81468919618,8.79330751911, 43.30055497443423,302.18874999999997,-2.5697056460570096
10_listens4-audio-03-06-2014-10_46_02.wav,yes, yes,5.81190187789,6.23985989056,6.56638527218,6.91625080525,7.36681652895,7.94562203439,8.40726866373,8.56830673827,9.02732099289,9.42298354389,9.75708838496,9.94042003203,10.2945217655, 42.94392431731746,361.1255625,-3.0752637094948683
10_listens4-audio-03-06-2014-11_26_07.wav,yes, yes,4.73789486801,5.53314479498,6.26000346657,6.22463375948,5.81205055605,6.43331118053,7.09960992354,7.75352555839,8.32061533766,8.50414719561,8.78777822746,9.10045251875,9.16590680685, 38.52760862928286,326.7040625,-2.7171081280853326
10_listens4-audio-03-06-2014-11_31_07.wav,yes, yes,5.61763160357,6.35424255602,6.79507930591,7.24554857999,7.76356530492,8.47209234852,8.71809407431,9.08504970087,9.45836618861,10.0830710382,10.345791575,10.3687650927,10.3073736507, 44.53998925136097,327.00425,-1.7984140867031477
0_listens1-audio-24-05-2014-17_17_15.wav,no, no,9.91280003632,10.9049304466,10.5863075046,10.3697656664,10.2558733413,10.2678333041,10.3556865641,10.6494987476,11.02652359,11.3385469253,11.4378889215,11.4735589152,11.4370766157, 58.30587340647729,300.40000000000003,-2.5546544162184674
0_listens1-audio-24-05-2014-18_10_12.wav,no, no,1.96359273927,3.47060086467,5.22554255441,4.40300625245,3.16257399452,3.63415229729,4.223655196,5.12571278614,5.41970353625,6.30988515964,6.81397837011,6.74975339703,6.58397350262, 30.257383909263833,783.9000000000001,-0.9646338630698752
0_listens3-audio-01-06-2014-03_39_11.wav,no, no,2.8159559823,3.66819990597,4.08665033669,4.27855419677,4.43031011396,4.69478155012,4.93009347385,5.15030546946,5.32116836263,5.53309693054,5.71680586118,5.89572156843,6.04399018744, 29.442009954120415,442.5,-0.9138293040851606
0_listens3-audio-01-06-2014-03_44_11.wav,no, no,2.82425694616,3.67563545268,4.06029573502,4.3061425598,4.40032607395,4.62467404218,4.92432993169,5.16818755227,5.37326187332,5.60822531526,5.75677105614,5.937194315,6.11248983493, 29.424603486391533,314.6,-0.9072832011629304
0_listens3-audio-01-06-2014-03_49_11.wav,no, no,2.66406805267,3.65251405254,4.05876983773,4.25017767983,4.36260120716,4.62448310069,4.91048869641,5.17423024877,5.33896323991,5.5441316751,5.75506609942,5.92142746365,6.10569917043, 29.179723543361963,312.3,-0.8961387960921007
0_listens3-audio-01-06-2014-03_54_12.wav,no, no,2.68568376733,3.66339586198,4.08677803869,4.25761147249,4.35674015629,4.66246358576,4.90522756396,5.13321607863,5.29983712115,5.52377816166,5.72949226131,5.91084868153,6.06832638259, 29.281548851710806,312.5,-0.8885063975622998
0_listens3-audio-01-06-2014-03_59_12.wav,no, no,2.63086164995,3.61936107124,4.06355942067,4.27577185119,4.46000520505,4.68313813231,4.93369471427,5.12888729752,5.32229829114,5.57428667132,5.75334509982,5.88928764649,6.06832353273, 29.1930023927167,322.90000000000003,-0.9091674182211121
0_listens3-audio-01-06-2014-04_14_14.wav,no, no,2.61866898966,3.64792582622,4.03324340682,4.26598999597,4.3824849253,4.66503047941,4.92378658409,5.12749836971,5.32960066878,5.52625750744,5.71358606459,5.89386680719,6.09777197954, 29.112068292925613,300.6,-0.8998287082871952
0_listens3-audio-01-06-2014-04_19_14.wav,no, no,2.76239639408,3.67508237697,4.05758390448,4.25933423889,4.42265434901,4.70653802613,4.91992902114,5.10440498633,5.32016094918,5.56495066343,5.79645942612,5.99819229495,6.12456246677, 29.40249104100987,306.2,-0.9036216118284517
0_listens3-audio-01-06-2014-12_13_35.wav,no, no,7.44091184553,8.05562685885,9.39854342129,10.8227385818,10.342204051,10.0424387543,10.9148188814,11.0812270916,10.8964159342,11.1652265212,11.2347333965,11.6311254813,12.0406783172, 57.39892851272711,314.1,-1.9613236176912623
0_listens3-audio-01-06-2014-12_18_35.wav,no, no,5.88807317984,7.617470006,7.4276896546,7.40159986603,7.33090707306,7.49084224274,7.92350932608,8.07572829121,7.90669217299,8.15821321486,8.31738298435,8.4592423489,8.82912894882, 46.933717793479694,401.1,-1.2915719073923118
0_listens3-audio-01-06-2014-12_33_38.wav,no, no,4.11780290766,5.11551146354,6.31909480947,6.69284701304,6.42967144409,6.88810316063,7.04519425043,7.31694950843,7.5560059349,7.775411272,8.14754375947,8.23114055615,7.97154655865, 38.48703665888408,327.5,-1.4187708530321383
0_listens3-audio-01-06-2014-12_48_39.wav,no, no,3.64681712931,5.15739505561,5.76241774172,5.67660937772,5.7536656918,6.20764594704,6.0788212358,6.39836753719,6.40567473643,6.27452842862,6.5641166054,6.54117835783,6.52053821135, 34.43265942788146,323,-1.4743436360201692
0_listens3-audio-01-06-2014-12_53_39.wav,no, no,5.45455974603,6.38248797746,6.85140440135,6.66435532596,6.48310100474,6.69300588529,6.7224685132,7.02518326925,7.22680534041,7.22989009693,7.48289115389,7.80971036257,7.84284288997, 41.34020187626595,3770.1000000000004,-1.0051880054133588
0_listens3-audio-01-06-2014-13_03_40.wav,no, no,3.53267412198,5.05579128429,5.77193020821,6.13045514819,6.08668176697,6.38099544796,6.28638061466,6.57429852122,6.66552898686,6.49021525754,6.74782218224,6.67912094099,6.64470015936, 34.73174137493541,323.20000000000005,-1.9563047592284744
0_listens3-audio-24-05-2014-14_14_12.wav,no, no,4.99241295334,6.42497922801,7.28398987951,7.63218758259,8.27133540142,8.69460938719,9.16050487343,9.20431729018,9.28525431137,9.67317642019,9.99791522177,10.1629494171,10.3498146314, 47.266977535863994,551,-2.3614980295108055
0_listens3-audio-24-05-2014-14_15_12.wav,no, no,5.18908198283,6.08947933238,6.80973629393,7.19109864427,7.58283800327,8.10184504222,8.68742888001,8.91435685129,9.19854861072,9.6391987382,10.0703732414,10.5322023249,10.8475136337, 48.70675953797659,310.3,-0.8658633927121834
0_listens3-audio-24-05-2014-14_20_12.wav,no, no,3.7494068799,4.95701542673,5.88535661595,6.39082614875,6.66797217616,7.08644431113,7.49647477131,7.84777073791,8.05078694333,8.32562870563,8.57600204046,8.76656910984,8.87741570673, 38.465091926711864,306.6,-1.1240151565240204
0_listens3-audio-24-05-2014-14_23_33.wav,no, no,5.02073074953,6.26251771453,7.18655297459,7.73041006215,8.10861309825,8.4201410526,8.7276454964,8.85804890082,9.01119574322,9.2452417478,9.51107899941,9.92321540331,10.0855594931, 45.10235033976387,314.20000000000005,-1.1136802919546065
0_listens3-audio-24-05-2014-14_28_33.wav,no, no,7.11820375216,9.07598843822,9.63423783961,9.98228076201,10.0010453977,10.4177648981,10.2594307511,10.2031664858,10.1872780329,10.3397590292,10.5330843581,10.8261137293,10.9882297413, 54.14245779337202,324.6,-2.3376252403995146
0_listens3-audio-24-05-2014-14_38_35.wav,no, no,4.62041495939,5.60755033246,6.15674945271,6.41223167123,6.57835149212,6.79042624742,6.99363343799,7.16570507205,7.25755924401,7.41927609318,7.58845713582,7.71076720935,7.80724162076, 37.398942534469,392.8,-1.5539875246206658
0_listens3-audio-24-05-2014-14_43_35.wav,no, no,4.51080448947,5.4149937692,5.95763313202,6.19710983821,6.32599822257,6.552652399,6.72891662716,6.89618436191,7.19241372397,7.35014973976,7.427672671,7.44204096967,7.54505600508, 36.80343945130086,343.70000000000005,-1.5432443893224634
0_listens3-audio-24-05-2014-14_48_36.wav,no, no,4.38989977226,5.25291116215,5.75069822368,5.90201174641,5.89954297378,6.14254111261,6.385200352,6.59151297312,6.67644062921,6.88700958854,7.02985856578,7.08948496751,7.18857500404, 35.67314950393135,300.5,-1.4201860085350109
0_listens3-audio-26-05-2014-09_23_05.wav,no, no,5.33823426611,5.93695428138,6.37279454784,6.58005674089,6.65350609136,6.95436539571,7.22460363708,7.54165249748,7.6514638821,7.69587046449,7.70457998912,7.83889269379,7.92924026123, 39.496919695154475,301.5,-1.711861481591695
0_listens3-audio-26-05-2014-09_28_05.wav,no, no,4.41989362429,5.5510065984,6.33253762778,6.76764355387,6.98261179927,7.42905090794,7.74917127781,8.08814956267,8.24791708941,8.55291365512,8.84281414664,8.89769711853,8.8770993879, 40.03665247879794,303.1,-0.8042012004527741
0_listens3-audio-26-05-2014-09_38_06.wav,no, no,7.24834963554,8.58990731072,11.4507055055,11.8838430266,9.37643003212,8.68591447384,8.87159449906,8.94259556507,8.85351883082,9.24283899669,9.58225217274,8.81401341564,8.67429050969, 55.75578303437464,308.8,-3.420804436261551
0_listens3-audio-26-05-2014-09_43_07.wav,no, no,5.92119881607,6.58709589596,7.31107897015,8.04749446918,8.65113363547,9.34028230088,9.86661433505,10.1382921966,10.2957064954,10.4325202655,10.3953844693,10.1695089366,10.228783214, 47.51882349681054,325.6,-4.318484568316392
0_listens3-audio-26-05-2014-12_25_58.wav,no, no,9.62728863592,10.4841552474,11.2635913782,11.4543759282,11.6985551119,13.1742101594,13.4644593149,13.6058560242,13.8905785893,13.3144951827,13.1236740774,13.1860691849,12.0097590423, 61.48647966214869,564.3000000000001,-2.3288920668739808
0_listens3-audio-26-05-2014-12_30_58.wav,no, no,9.51789803142,10.438967466,11.2064042645,11.4303097096,11.7426453575,13.0547825394,13.381766894,13.5477117251,13.968750397,13.329247021,12.9892456145,12.9108710481,11.7411726831, 60.900699477452285,539.9,-4.020202554291927
0_listens3-audio-26-05-2014-13_16_03.wav,no, no,3.96148072384,5.03762512211,5.81939896978,6.3808636437,6.21475896408,6.07128386814,6.08991348884,6.36986098081,6.30332132865,6.49666785057,6.7170813747,6.89027787407,6.94733299514, 35.31056355694113,337.20000000000005,-1.3472209201377658
0_listens3-audio-26-05-2014-18_47_59.wav,no, no,5.0305235756,5.89051727599,6.34841231227,6.4805397599,6.49115895611,6.70165173103,6.82072743733,6.970923432,7.15742487399,7.3851179653,7.64058463749,7.69642990062,7.61514403561, 38.48623076238372,307.70000000000005,-0.8167540013681703
0_listens3-audio-26-05-2014-19_03_01.wav,no, no,6.4437896485,7.74074250202,9.13259100536,8.84031880134,8.91652647061,8.58021424856,8.85369433091,8.23525164217,8.60557774057,8.96824948176,9.21554780084,8.66219654642,8.44953227434, 48.41028811263818,407.8,-3.1752199040863935
0_listens3-audio-26-05-2014-19_13_02.wav,no, no,5.31029470472,6.75600856689,8.26039124228,7.75860505437,7.50732823046,7.42384546116,7.19978258168,7.62684478738,7.85443448225,8.15204564075,8.3220912727,8.02790031303,8.2458748649, 43.413813087153535,388.40000000000003,-3.250156440551415
0_listens3-audio-27-05-2014-02_28_33.wav,no, no,3.01656794236,3.85635725999,4.31699770797,4.52207310588,4.57063250111,4.78079905714,5.1047413997,5.36824178258,5.51335299508,5.70983262592,5.89639579316,6.08067489132,6.23844247314, 30.21880040738858,322.5,-0.9267490348191274
0_listens3-audio-27-05-2014-02_38_35.wav,no, no,2.94762541512,3.80553867996,4.22505654538,4.42382136853,4.50713508945,4.82184192396,5.16181622123,5.39461308438,5.49033185437,5.69807600955,5.80771680369,6.01650736778,6.24237507522, 30.026682740961704,300.7,-0.9194445506724505
0_listens3-audio-27-05-2014-02_48_36.wav,no, no,3.00144234807,3.8002726946,4.26313587138,4.42276360347,4.53759598474,4.87327834933,5.29347429991,5.54648415399,5.62505561086,5.85467951756,5.89284299057,6.12305305618,6.34362314231, 30.584664058117543,309,-0.8481795051802895
0_listens3-audio-27-05-2014-03_03_39.wav,no, no,2.87505040687,3.72404205635,4.17218177367,4.3883399129,4.49491882725,4.75924351372,5.01932904446,5.21687143113,5.40983691583,5.64513659507,5.81833143187,6.00592546085,6.19666539644, 29.74622337157289,358.90000000000003,-0.9111491717941846
0_listens3-audio-27-05-2014-10_12_35.wav,no, no,6.51050891361,8.23522865209,10.2612171419,10.2242627791,8.60482806122,8.87963294314,9.08369214974,8.94458881098,9.71551806697,9.61236695905,9.82351222295,9.10713400853,8.84336719597, 50.927613833197924,310.1,-2.576061756752792
0_listens3-audio-27-05-2014-10_22_36.wav,no, no,6.52588572529,8.64933477813,10.1269332922,9.06211174161,8.66018009126,8.44157523442,8.27592224232,8.83080884988,9.22598522372,9.08493668702,8.67935908572,8.61551739967,8.54075277169, 50.69693762613593,304.8,-1.9468090776911449
0_listens3-audio-27-05-2014-10_27_36.wav,no, no,9.8411737816,12.2598829948,13.3364267414,11.4456433253,11.3774774571,11.5443022537,11.3880290302,11.3329916964,11.4277796053,11.2027739561,10.9910953136,11.0880122139,10.9915629463, 64.8877107824937,386.5,-3.9972895120124172
0_listens3-audio-27-05-2014-13_19_01.wav,no, no,5.65499968144,5.38550486342,5.89069668499,5.97735157659,6.28837069441,6.6157081826,6.8871240066,7.13301627933,7.28887124279,7.41585505616,7.4518131971,7.38453615948,7.49059411464, 38.71456157188555,678.2,-1.995940409097253
0_listens3-audio-27-05-2014-13_24_01.wav,no, no,5.71186451136,5.44313811579,5.87551161922,6.10594664007,6.2480054788,6.5709214742,6.84706961757,6.95827352807,6.88867598404,6.97427682848,7.0502331121,7.19870894622,7.31997892294, 38.76679675106927,331,-2.8045056874056207
0_listens3-audio-27-05-2014-13_44_03.wav,no, no,5.6658646484,5.48243303624,5.71096074814,5.86685670593,5.98338520557,6.1824014194,6.33798548739,6.49141338865,6.58673839551,6.77227063079,6.90197640029,7.00433517484,7.1012657001, 37.7362893117697,312.3,-1.4892218194580213
0_listens3-audio-27-05-2014-19_57_55.wav,no, no,7.7511074807,8.3264669502,9.12736120637,9.58412907743,9.51201387745,9.77123719523,10.0910535662,10.3941784369,10.6093902806,10.7985185337,10.7838485611,10.7324006454,10.6760836097, 52.429277074465524,311.40000000000003,-2.0254441690117444
0_listens3-audio-27-05-2014-20_07_56.wav,no, no,7.65809390314,8.97466325994,9.68389414276,10.5813673385,10.6670490098,10.2552248269,9.32129737921,9.36911100847,9.11322445267,9.1866921619,9.42653854574,9.58725135102,9.27569535868, 52.83617179462247,327.6,-5.405711750530718
0_listens3-audio-27-05-2014-20_22_58.wav,no, no,4.86281963153,5.53940314586,6.07965386123,6.27659985688,6.49188918922,7.12641608321,7.37317563254,7.77241094677,7.8777450421,7.85851156686,7.96887513792,8.04437688543,8.28456888756, 39.85175568588833,314.40000000000003,-0.974511541011303
0_listens3-audio-28-05-2014-02_47_36.wav,no, no,3.8964277968,5.15805309692,6.07398531772,6.55714383708,6.85858995402,7.30755928555,7.5670784963,7.82994924705,7.98671931269,8.2365688055,8.38299291212,8.49779942535,8.62521048795, 38.12044878802352,308.8,-1.4841921326762835
0_listens3-audio-28-05-2014-02_52_37.wav,no, no,3.99926581613,5.25003209383,6.08346188154,6.58247829002,6.88459944591,7.26678857978,7.60662120897,7.87047499462,8.00599514933,8.25623861431,8.43070644131,8.53156364315,8.59476015444, 38.278501826598436,309.1,-1.49516638324417
0_listens3-audio-28-05-2014-03_12_40.wav,no, no,4.05749809783,5.32160637913,6.19692349994,6.67988045263,6.92608750955,7.31939667125,7.60147308016,7.79022121691,7.93250362257,8.16369969268,8.25109406772,8.40040462089,8.50131880374, 38.20922455593245,304.1,-1.6325608764454862
0_listens3-audio-28-05-2014-03_17_40.wav,no, no,4.07698465252,5.32669586486,6.20893982009,6.6772743547,6.89965000817,7.2533043708,7.56675038724,7.72348532922,7.88991433277,8.08067897139,8.18048229704,8.27210278505,8.41798047324, 38.129147439774854,349.90000000000003,-1.6273362840541314
0_listens3-audio-28-05-2014-03_27_41.wav,no, no,4.16917801998,5.48148302314,6.28602459485,6.68179831352,6.85432123127,7.20732254578,7.50706484771,7.69431469663,7.80116914947,7.96906146445,8.08518609891,8.17730538533,8.29532301833, 37.94634483491743,300.8,-1.6852525665858529
0_listens3-audio-28-05-2014-03_32_42.wav,no, no,4.21748484421,5.4622336405,6.25087836649,6.68674659181,6.85612311884,7.19220121291,7.42171282129,7.62964907817,7.76412959305,7.89328395759,8.03841799527,8.13946439043,8.2206720334, 37.98001864547688,300.40000000000003,-1.7099994987051095
0_listens3-audio-29-05-2014-18_30_43.wav,no, no,7.51029454829,8.27450753598,8.80748987299,9.09281112339,9.10263627922,9.85664852082,10.1647599838,10.0660140667,10.6575387238,10.4968309467,10.4401802398,10.5490142272,10.58077017, 51.294259456506985,300.3,-1.0504700037651569
0_listens3-audio-29-05-2014-18_35_44.wav,no, no,5.95145574766,7.0563047107,8.19921324459,8.48252420867,8.85678450826,9.74553068047,9.54526354791,9.1101499756,9.3129767488,8.97960865888,8.38575495226,8.11793487056,8.10869348611, 46.498821175083734,350.8,-4.626624706509323
0_listens3-audio-30-05-2014-03_53_29.wav,no, no,2.75712800014,3.7137271422,4.24121114655,4.53454880129,4.45718952541,4.71296681233,5.01082896176,5.22311793655,5.41275689418,5.68678840014,5.82216037011,5.95884418246,6.16511890219, 29.657969880354532,300.2,-0.9265350975935721
0_listens3-audio-31-05-2014-09_05_55.wav,no, no,3.13331864605,3.96817283994,4.43898556834,4.65785157952,4.73341317552,4.99325475402,5.28535298436,5.4875792153,5.66813197423,5.8525246942,6.02068619814,6.1642532488,6.30391807458, 30.610453423968583,300.40000000000003,-1.0308958671059296
0_listens3-audio-31-05-2014-09_35_58.wav,no, no,3.12630190478,3.91380461144,4.33840759496,4.56805898726,4.6609220384,4.9577391925,5.18621988745,5.36845377792,5.55766254658,5.81075712257,5.99887214631,6.15803292055,6.342154382, 30.53266812166481,300.6,-0.9861965872040248
0_listens3-audio-31-05-2014-09_40_58.wav,no, no,3.10887387777,3.89091284331,4.34030886401,4.58491624913,4.64976725949,4.89035771855,5.21185676066,5.41144293228,5.58362216422,5.7970330385,5.98976599975,6.13885409416,6.27547789773, 30.385076914249904,301.90000000000003,-0.9943886590478551
0_listens3-audio-31-05-2014-09_45_59.wav,no, no,3.12112623722,3.91398521275,4.33584448282,4.50385053434,4.63283084229,4.90194829977,5.14460424224,5.36972752185,5.54635217582,5.80843843741,5.98289607297,6.12625584757,6.31761205079, 30.403728936092737,300.2,-0.9895343808166992
0_listens3-audio-31-05-2014-09_56_00.wav,no, no,3.13776142843,3.91251672175,4.31150852832,4.51990868428,4.58548601575,4.83540299191,5.11462896138,5.32510190436,5.47933132547,5.73421551046,5.90489668301,6.10824794589,6.27255439804, 30.41301504140002,314.20000000000005,-0.9765981831386227
0_listens3-audio-31-05-2014-18_45_41.wav,no, no,7.49188917337,7.63555610093,8.35400976487,9.04339979126,8.93686699991,9.39448728591,9.69270817784,9.9625764784,10.1356181053,10.6084425418,10.5594104472,10.6231844476,10.4992377237, 50.015147657762725,305.7,-2.4040304045188776
10_listens1-audio-24-05-2014-15_55_26.wav,no, no,2.08610431874,3.71275088825,4.51862376617,4.23511538733,4.26882940625,4.6967928326,4.90985999701,4.82879953053,4.8323464174,4.97789309417,5.19650734929,5.5363865997,5.81760381292, 29.4487627353089,300.988,-1.277343393992306
10_listens1-audio-24-05-2014-17_17_15.wav,no, no,10.0296953895,10.881234244,10.6088910539,10.2316872908,10.0365537974,10.0705835211,10.1543673416,10.2722764277,10.4509716097,10.6513607607,10.8079285937,10.905429123,11.0012252773, 58.21457319256542,300.1875,-2.4932953223543493
10_listens1-audio-24-05-2014-18_10_12.wav,no, no,1.77911364808,3.27950683845,4.92805140514,4.19231888429,2.87754784799,3.51049629279,4.26766179684,4.68648855522,4.89810213729,5.36360867552,6.46276304417,6.2794781537,5.87150086137, 29.95872983719402,1245.97825,-0.7561616235919965
10_listens3-audio-01-06-2014-03_39_11.wav,no, no,3.29984221684,4.14237656903,4.50127538314,4.66340350356,4.79639873549,5.03768067846,5.25729971216,5.42818402053,5.64809663016,5.83360774231,6.05493946259,6.23963567372,6.42343568771, 31.28407502831501,320.2,-0.9097940348550696
10_listens3-audio-01-06-2014-03_44_11.wav,no, no,3.05910009657,4.02822140573,4.46913944484,4.61355770112,4.7345036336,4.99390750613,5.28080496912,5.48152752549,5.66504113114,5.84727565392,6.04034458462,6.19884328629,6.39010241615, 30.79551080505311,314.2963125,-0.8961540521812994
10_listens3-audio-01-06-2014-03_49_11.wav,no, no,3.03085792574,4.13187989213,4.43688135638,4.59321989292,4.74260718871,4.99848870118,5.21854296152,5.45878932293,5.65037922615,5.82331029326,6.05660989937,6.24407004248,6.40822540573, 31.02286971839488,326.20375,-0.8972245577915123
10_listens3-audio-01-06-2014-03_54_12.wav,no, no,3.07283754361,4.06240479915,4.466752471,4.6823552302,4.79847611556,5.05574070673,5.27129307722,5.44576991423,5.62096208241,5.90345343354,6.1221178153,6.27030406449,6.40131115132, 30.979573205868984,304.790375,-0.9123874078651689
10_listens3-audio-01-06-2014-03_59_12.wav,no, no,3.06222295636,4.12797356147,4.48674905874,4.65300250475,4.70413979083,4.96835609062,5.17168286081,5.45034587091,5.65873411485,5.88235117415,6.07333247845,6.26732145613,6.41129669934, 30.95388999433238,299.987375,-0.8916592358621286
10_listens3-audio-01-06-2014-04_14_14.wav,no, no,3.14439783546,4.11384796025,4.47929225776,4.6046498686,4.75462221774,5.02753406682,5.23381673206,5.43250518133,5.63169767728,5.86109571703,6.04033242314,6.24963428451,6.39008864447, 31.137193171675026,301.588375,-0.8955918189047672
10_listens3-audio-01-06-2014-04_19_14.wav,no, no,3.16525108557,4.03572838044,4.43576677685,4.67268355992,4.75396198785,5.01079715541,5.23605579267,5.44681001389,5.64158543714,5.88711379499,6.06331584255,6.24391966195,6.40764919662, 30.91883865797251,364.5276875,-0.9027880997375984
10_listens3-audio-01-06-2014-12_18_35.wav,no, no,7.79026279209,9.14211539821,11.75383494,12.2416854367,11.2495433129,11.2376420042,10.9843368716,10.2503943649,9.84409314755,10.0223690372,10.5242508874,10.7023128062,10.565491708, 58.12172516912324,300.988,-3.4162780460562243
10_listens3-audio-01-06-2014-12_23_37.wav,no, no,7.42579003902,8.24607586435,9.10238456306,9.50001974633,9.10432529134,9.44850351906,9.976137302,9.96721786671,9.90258078406,9.92813338451,10.090481156,10.3334894083,10.5044013341, 52.232041024714995,328.405125,-2.4655889110435423
10_listens3-audio-01-06-2014-12_33_38.wav,no, no,3.65168346315,4.7910867199,5.65341645566,5.94988843019,6.28415949075,6.74161281553,6.67433660551,7.02840249597,7.24054760856,7.08916702055,7.49219529765,7.93172507251,7.39777376676, 35.4513641976183,326.5039375,-1.516706536920976
10_listens3-audio-01-06-2014-12_48_39.wav,no, no,4.19308965972,5.76327332195,6.52574015781,6.19689442321,6.17279471194,6.57612816868,6.44466086239,6.77188987789,6.74851463942,6.68964341467,7.0108337602,7.00135527853,6.92960975554, 36.86817327725712,322.9016875,-1.388711455673119
10_listens3-audio-01-06-2014-12_53_39.wav,no, no,4.55303974906,5.91456318726,6.99921805179,6.89241983724,6.78594082026,7.03387378685,6.72765749016,7.0491022804,7.19351494128,7.04127345647,7.34143815893,7.29762395568,7.21338568343, 38.40391772204721,322.801625,-1.8222615036180563
10_listens3-audio-01-06-2014-13_03_40.wav,no, no,4.18515703143,5.65785085192,6.38827848978,6.72639513162,6.74581055566,7.0588859982,6.91046270461,7.16277360293,7.0694831223,6.97580050444,7.28588775828,7.35685010874,7.33851315086, 37.55911760653669,323.3019375,-1.7076538809105728
10_listens3-audio-24-05-2014-14_15_12.wav,no, no,3.86833513369,5.03519548873,5.90069524032,6.42692973485,6.81708381538,7.29709447092,7.72081728081,8.11173229458,8.40414519524,8.68013716571,8.96948041762,9.17328611443,9.37689252782, 40.54245676960411,304.6903125,-0.8205668636780858
10_listens3-audio-24-05-2014-14_20_12.wav,no, no,4.30722828105,5.54440443796,6.48259654424,6.95150619495,7.25284708728,7.74021507431,8.17169628092,8.41467885019,8.60385284648,8.81468499562,9.03049016984,9.21959213233,9.3397205646, 40.79134140310599,300.8879375,-1.1936133300229743
10_listens3-audio-24-05-2014-14_23_33.wav,no, no,7.99790967631,9.19062040843,11.2163783815,11.710317483,10.3972384533,10.4851629811,11.3855453727,11.8350979049,11.7538398347,12.5296158386,13.6852436841,13.6927843458,13.6290533796, 61.462769100683616,306.4914375,-1.3606857949016649
10_listens3-audio-24-05-2014-14_28_33.wav,no, no,6.09013038913,7.35670769713,7.98563898536,8.20772621548,8.25422360126,8.63000581062,8.77213641981,8.88402034515,9.06543892852,9.32797712795,9.57150156582,9.73728845616,9.88505921884, 48.15966623205687,4209.7294375,-1.2670658698592716
10_listens3-audio-24-05-2014-14_38_35.wav,no, no,5.04833593939,6.08341925875,6.61537084913,6.83013592135,7.00782516651,7.19937516392,7.3669712651,7.58709496779,7.71737440978,7.89923480516,8.02640843141,8.04937045675,8.11592454992, 39.4547917500481,320.800375,-1.556427596025556
10_listens3-audio-24-05-2014-14_43_35.wav,no, no,5.11795246208,5.98345599827,6.49990503985,6.63888563613,6.77420112265,7.0075756788,7.14515965396,7.31389280752,7.53175353566,7.75135024207,7.7782079438,7.81740168907,7.85499093581, 38.7817426496154,302.98924999999997,-1.5458681324051742
10_listens3-audio-26-05-2014-09_23_05.wav,no, no,5.64048956814,6.62732635472,7.26580601933,7.59536252091,7.74055399862,8.12852476681,8.40259572023,8.61158745234,8.73610250085,8.86907553993,9.00485484337,9.17969041379,9.26583236567, 42.754778110328736,301.6884375,-0.8811196298644254
10_listens3-audio-26-05-2014-12_25_58.wav,no, no,10.9104680492,11.8937679956,12.4419917138,12.5873776153,12.8011445265,13.8230788504,14.2434113093,14.5711701376,14.8365862506,14.208794608,14.0962363078,14.135898294,12.9340259304, 65.72082154085115,568.4550624999999,-2.915652284517786
10_listens3-audio-26-05-2014-12_30_58.wav,no, no,10.4866209516,11.5071281429,12.056257179,12.1913819005,12.7235634652,13.3484775751,14.1707039531,15.0670228683,14.6595568453,13.89065007,13.6428118024,13.6702908745,12.3704565628, 64.57177873195897,299.987375,-3.8664616130086777
10_listens3-audio-26-05-2014-13_16_03.wav,no, no,4.43793219461,5.63072490442,6.42043193114,6.84653738006,6.61292869532,6.4535020805,6.40748388355,6.66623471112,6.65497391488,6.8300531546,7.15438291559,7.49094204708,7.3422159885, 37.39447501179495,337.811,-1.4593927241185762
10_listens3-audio-26-05-2014-18_47_59.wav,no, no,10.2750404384,11.1583118261,12.0533570898,12.1601586603,12.6617857245,13.0278105692,12.8239322832,12.7078589288,12.6004811148,12.8631709419,12.9551828775,12.9497037151,13.0324338711, 66.3586511523213,305.39074999999997,-2.843763300874317
10_listens3-audio-27-05-2014-02_28_33.wav,no, no,3.44986057305,4.27794985363,4.73231800269,4.89246802477,4.98927273028,5.25323433477,5.5647484076,5.838881698,5.96400860064,6.10739071692,6.194954212,6.40460263379,6.62784052889, 32.06681024308738,300.58774999999997,-0.9168478233954744
10_listens3-audio-27-05-2014-02_38_35.wav,no, no,3.37965674951,4.28370458576,4.70937276661,4.82492628981,4.97317281329,5.19759059229,5.4704450271,5.74559687225,5.89323325255,6.05424376419,6.20097145413,6.40065818796,6.60160159308, 31.9218340216663,353.3206875,-0.8990607343988479
10_listens3-audio-27-05-2014-02_48_36.wav,no, no,3.39651398912,4.19515456476,4.66483454273,4.81787004543,4.93448894324,5.17243848655,5.48937172513,5.69136058412,5.90865737096,6.0998927914,6.21899886036,6.40683264311,6.60527727957, 31.93010528232874,309.0930625,-0.8983262309027511
10_listens3-audio-27-05-2014-03_03_39.wav,no, no,3.19152624152,4.167286058,4.59854132426,4.79446732029,4.8597377523,5.14847412287,5.37114798804,5.53271684827,5.74649959697,5.97656822138,6.16244172501,6.32848090964,6.47363087577, 31.456994729001774,300.8879375,-0.9148070975688463
10_listens3-audio-27-05-2014-10_12_35.wav,no, no,5.12716085017,5.93068550608,6.86411436911,6.81810235308,6.71074253251,6.8900026197,6.79275685604,7.0470354083,7.13431842414,7.2368918991,7.53526057417,7.86590517568,7.63276465529, 38.96559471026267,326.9041875,-1.647899544791622
10_listens3-audio-27-05-2014-10_22_36.wav,no, no,12.8765353482,14.7954175967,16.4401659336,15.8435320435,15.2296841452,16.1838603386,16.4667748493,16.418736063,16.9891208607,16.8163586976,16.4418970395,16.1844663566,16.3613007436, 80.5724696805688,329.9060625,-1.8410311333694214
10_listens3-audio-27-05-2014-10_27_36.wav,no, no,10.0647543052,12.7649820331,13.6457323342,12.0463934504,11.7434260666,11.4858937442,10.8613541071,11.0622193383,11.7205365306,10.8633886447,10.432179128,10.3421302845,10.4520111687, 66.20795388610335,4404.0508125,-1.1100243758329233
10_listens3-audio-27-05-2014-13_19_01.wav,no, no,6.284411823,6.21517648774,6.56667337403,6.78622067649,7.13343712826,7.40615032001,7.6012418852,7.46971202255,7.52095439607,7.66132012633,7.7960228596,8.09838383796,8.36631184194, 41.929685053720824,425.66587499999997,-2.7182358935405135
10_listens3-audio-27-05-2014-19_57_55.wav,no, no,8.24464182024,9.22446557848,9.92474413225,9.87401489042,9.74923682597,10.3780369481,10.6555876029,10.3821669184,10.2991098672,10.1652299222,10.2795040552,10.4746276201,10.5850384208, 53.200253629398226,301.988625,-2.0209524816363
10_listens3-audio-27-05-2014-20_07_56.wav,no, no,5.84152133086,6.82967547166,7.23002936929,7.41143432255,7.44092940047,7.65713765413,7.8011077798,7.95683705411,8.07275841735,8.09587385658,8.19105515489,8.34381905186,8.32963856018, 42.21124449956122,301.188125,-2.2771052972462598
10_listens3-audio-27-05-2014-20_22_58.wav,no, no,6.22031992639,7.16316417415,7.71792047728,8.83850049411,11.049700704,11.3640744568,12.1279252784,12.2465112109,10.6743396031,10.1476026336,9.89386303151,9.74945121808,9.68582040978, 52.59477041121614,659.1116875,-3.914320380179214
10_listens3-audio-27-05-2014-20_32_59.wav,no, no,10.2142949638,10.9178531792,11.7659542677,12.3000693659,13.0092966698,14.3610547895,14.9551470474,15.1132233282,15.0550988554,15.308706264,14.5935960342,14.5705073816,15.2345193171, 71.09699991671776,740.1623125,-4.165259789876912
10_listens3-audio-28-05-2014-02_47_36.wav,no, no,4.4384802359,5.71011041056,6.56541532986,7.06728442369,7.38929328311,7.77792884361,8.09384248781,8.34675924728,8.54200803919,8.69261315048,8.85325057783,9.0590126049,9.17413034699, 40.45411122927678,302.388875,-1.4816636712586688
10_listens3-audio-28-05-2014-02_52_37.wav,no, no,4.47800455095,5.76138017101,6.57907412329,7.03490515785,7.39698603623,7.77962179253,8.13399009777,8.34662444558,8.54527845777,8.79431755837,8.92713714526,9.02490347445,9.13324150706, 40.45012824192136,300.787875,-1.4856565544134512
10_listens3-audio-28-05-2014-03_12_40.wav,no, no,4.62369040778,5.96479972637,6.75302259086,7.16249389588,7.38546065092,7.76583813586,8.08856997276,8.29220418656,8.47838249082,8.63880028886,8.74767284269,8.8939367705,8.98025607018, 40.335194550638896,300.4876875,-1.5909423863464172
10_listens3-audio-28-05-2014-03_17_40.wav,no, no,4.69058870953,6.00121255506,6.80786160473,7.26142436883,7.47763645311,7.81030543078,8.04000807621,8.23825521064,8.37476130911,8.54762137468,8.66959268245,8.80071280857,8.89896727656, 40.504563282134576,300.58774999999997,-1.6612282460075953
10_listens3-audio-28-05-2014-03_27_41.wav,no, no,4.66432049885,6.02688605735,6.85404855893,7.21635420447,7.40382252076,7.73717183476,7.93293420528,8.1008180959,8.27306822858,8.4545391552,8.57141478982,8.68247884898,8.7167586772, 40.1864144160184,300.58774999999997,-1.6816880939771106
10_listens3-audio-28-05-2014-03_32_42.wav,no, no,4.75501756159,6.08998792406,6.80765173197,7.17166581404,7.38653947904,7.68425634443,7.89749626698,8.07002081102,8.16202422904,8.32340582948,8.47089272408,8.54387188588,8.66821475282, 40.12663626263078,300.387625,-1.6760061867957619
10_listens3-audio-30-05-2014-03_53_29.wav,no, no,3.20167026776,4.14526312038,4.60328386941,4.86257657356,4.85769618512,5.15061815797,5.37547039466,5.5915831105,5.74989687958,5.98506698596,6.14915597274,6.34118269626,6.5133981037, 31.381827694962446,300.387625,-0.9539969914306657
10_listens3-audio-30-05-2014-03_58_31.wav,no, no,3.21694970007,4.16544794859,4.63330538313,4.87484358467,4.89337764573,5.15808233088,5.34292541309,5.58102309027,5.73506964691,5.90421004666,6.11534471606,6.34829182507,6.52462663122, 31.42499002854003,300.387625,-0.9240990884996569
10_listens3-audio-30-05-2014-04_08_32.wav,no, no,3.17063952256,4.08914208964,4.64625648216,4.90748469565,4.87513718807,5.10508491261,5.37348291359,5.57152521403,5.77993537921,5.99383596316,6.16272064938,6.32013425771,6.47935782148, 31.43080443347713,300.2875625,-0.9327493036795809
10_listens3-audio-30-05-2014-04_13_32.wav,no, no,3.30279677777,4.19879017763,4.64424987607,4.88363486449,4.84998141778,5.14815513202,5.38854773968,5.54157418908,5.68662149813,5.93411321295,6.13587126899,6.36486494957,6.55241701803, 31.6435264192428,300.387625,-0.9316607780822964
10_listens3-audio-30-05-2014-04_18_33.wav,no, no,3.21984828919,4.29567574071,4.72570962146,4.94730904983,4.8762767794,5.16721337098,5.39453330201,5.57658515932,5.74574479004,5.9730370962,6.18097657599,6.35764822619,6.50123098711, 31.592270420567303,300.2875625,-0.9531550256437449
10_listens3-audio-30-05-2014-09_50_57.wav,no, no,4.30747634597,6.14053764096,6.91115324828,6.00466733246,5.51331833499,5.62589493959,5.72976788596,5.86046843433,6.00523031641,6.23181459622,6.53579990452,6.66013915311,6.69854397823, 37.514541579909775,300.1875,-0.9872194684510283
10_listens3-audio-30-05-2014-10_05_59.wav,no, no,3.61341387745,4.88881273507,5.66416529531,5.42042407418,5.38462154093,5.55006157813,5.63351199363,5.75624133315,6.02884079277,6.22415648162,6.48931086404,6.6537835047,6.68821416186, 33.566632657163964,300.1875,-1.1074198366642838
10_listens3-audio-30-05-2014-10_16_01.wav,no, no,4.16193866625,5.10978963763,6.22587307659,6.86738870377,7.20873264273,8.75208550476,8.60339397268,8.11137637269,8.42685738443,7.87548035612,7.83446311702,7.83376428775,8.23476717104, 40.401574978481,524.927875,-3.5285499130293334
10_listens3-audio-30-05-2014-10_31_03.wav,no, no,8.61670109653,9.14916908035,9.26968451902,9.23424415649,9.2552070759,9.4819975156,9.70688778509,9.96885733273,10.3178473161,10.5465921971,10.7596141237,11.0035948415,11.1676316231, 54.602672404648715,300.6878125,-0.846086183705031
10_listens3-audio-30-05-2014-10_45_40.wav,no, no,5.20384455409,5.45754075899,5.82067310823,5.94850990999,6.43928360229,6.76280556074,6.91808956647,6.80563089717,6.74807414647,6.80792762517,6.8001131108,7.0227201648,7.22440709495, 37.73423594686158,407.654625,-1.6000698925916277
10_listens3-audio-30-05-2014-12_32_49.wav,no, no,11.1255847632,11.878078971,12.4939768401,13.0906451839,13.0963322037,13.050277926,13.1858363556,13.1964734163,12.8564426672,12.4864551058,12.4938558213,12.6443093878,12.9123992537, 65.5183692219498,304.9905,-1.6396917133800846
10_listens3-audio-31-05-2014-03_13_10.wav,no, no,3.36603472343,4.30900895362,4.74985713972,4.82521734416,4.95976583469,5.2954304829,5.51408966802,5.62417174025,5.81010672454,6.04564919199,6.24346952369,6.43054017595,6.5579891851, 31.845102184461595,300.988,-0.9776452479255548
10_listens3-audio-31-05-2014-03_28_12.wav,no, no,3.52026218216,4.36354136357,4.74336138859,4.89084604187,4.95763684531,5.30120097382,5.47793170832,5.71576430335,5.87881673834,6.07694662831,6.24673863144,6.4194702129,6.60875863371, 32.110346681422925,303.78974999999997,-0.9777591469390531
10_listens3-audio-31-05-2014-03_38_13.wav,no, no,3.43004985253,4.3306877333,4.71756815796,4.89377242548,4.95717040971,5.27174768544,5.52810511211,5.71473326456,5.86569149161,6.06230040441,6.26153677894,6.42845784851,6.59482799413, 31.91463839853017,302.6890625,-0.9818064929811993
10_listens3-audio-31-05-2014-03_58_16.wav,no, no,3.36324594313,4.28200356962,4.7044968399,4.81299010324,4.99153301113,5.2604800474,5.5132430404,5.69066583363,5.84951792372,6.08251125976,6.25309378664,6.39865792982,6.58646578706, 31.773616468906628,319.999875,-0.9756194961381646
10_listens3-audio-31-05-2014-04_03_16.wav,no, no,3.34907908595,4.27442438774,4.69611376613,4.83525144822,4.95075393247,5.23476752279,5.46029428733,5.60525177347,5.82266078682,6.00798065496,6.1838785358,6.40765353792,6.6194353545, 31.646786595738313,317.598375,-0.9636271786630297
10_listens3-audio-31-05-2014-04_08_17.wav,no, no,3.28306115558,4.22376956512,4.63555225242,4.87180637769,4.952635206,5.23713645024,5.41514721603,5.66564410011,5.85088063938,6.02975787908,6.20374699028,6.40444143669,6.56512001815, 31.61513772709006,302.18874999999997,-0.9757715261259706
10_listens3-audio-31-05-2014-09_05_55.wav,no, no,3.61256687925,4.48046373603,4.86277326708,5.01369963956,5.11582024798,5.35006951932,5.6061257766,5.80099817589,6.02667450233,6.16824167486,6.35434529626,6.52622068908,6.69630307436, 32.46624346826702,300.988,-1.0121998737471438
10_listens3-audio-31-05-2014-09_35_58.wav,no, no,3.5689060291,4.31051426964,4.81945662569,4.99084585916,5.08153519365,5.36046475963,5.58615208941,5.73245087724,5.93418881279,6.13585428449,6.3069689813,6.48912125774,6.67055569695, 32.29247148354799,344.1149375,-1.00999964816234
10_listens3-audio-31-05-2014-09_40_58.wav,no, no,3.5276939303,4.35281857725,4.82904351787,4.96520992108,5.08288485785,5.33100229965,5.52332880939,5.73912611528,5.93863677535,6.10146143157,6.30158761403,6.47154726509,6.62202867003, 32.33998959525887,442.27625,-1.0045766923932604
10_listens3-audio-31-05-2014-09_45_59.wav,no, no,3.50120087171,4.36421479005,4.76963008909,4.89102337551,5.02912468665,5.25377072831,5.53193121762,5.74908297227,5.92057184541,6.13235293222,6.26753982964,6.44986018339,6.62030711117, 32.239936940191136,301.188125,-0.9869586131817485
10_listens3-audio-31-05-2014-09_56_00.wav,no, no,3.47626448847,4.32878759691,4.76293248313,4.89625590685,4.97167098731,5.26533867288,5.51055134052,5.72983376593,5.90153957683,6.12011233103,6.29263211605,6.48142491333,6.63532381727, 32.019698049586154,301.588375,-0.9758254427911603
10_listens3-audio-31-05-2014-18_45_41.wav,no, no,7.50337511748,8.25268508652,8.80979461789,9.02440336251,9.02261850576,9.32555761383,9.52895694366,9.76902088647,9.88897583778,10.017138095,10.3204008944,10.559388189,10.6408659945, 51.08722906374671,301.38824999999997,-1.4264423890559959
10_listens3-audio-31-05-2014-19_05_43.wav,no, no,5.15994403531,5.92319302437,6.15391554222,5.70520307261,5.72541493282,5.88026812349,6.14700880757,6.55193002651,6.6334079664,6.51017749839,6.80634940442,7.08350067354,7.04145746245, 37.45724730895136,302.98924999999997,-1.3926590797837255
10_listens3-audio-31-05-2014-19_10_43.wav,no, no,5.68409841841,6.47323663905,6.82574062294,6.59082086333,6.98245787456,7.03944626566,7.14925902036,7.6144034356,7.73538155897,8.04924177349,8.39625458239,8.82766413839,8.8560022774, 42.2196606914667,360.225,-0.8838704727913894
10_listens3-audio-31-05-2014-19_15_44.wav,no, no,4.82850876545,6.01330999235,5.85990644384,5.45964364001,5.46302865668,5.8378132469,5.87378765443,6.44063411908,6.62934128282,6.5347107293,6.79582836781,6.97162322614,6.86920077831, 36.57310574822355,311.194375,-1.1489393316403362
10_listens3-audio-31-05-2014-19_20_44.wav,no, no,4.83582073147,6.03431161756,6.29155339906,6.13813104671,6.4439301703,6.64371813244,6.78603066727,7.20219005273,7.26159402926,7.21675888335,7.44748308107,7.84154102448,7.87740493179, 39.1605648596914,302.589,-1.2745110525659076
10_listens3-audio-31-05-2014-19_25_44.wav,no, no,4.29239186774,5.70957622186,5.84150848977,5.43480830187,5.5258866529,5.7434022778,5.83386143574,6.41955289255,6.72702044752,6.43860616667,6.67641304674,6.80572213875,6.93878830731, 35.754272235672374,326.3038125,-1.1512543902785053
10_listens4-audio-03-06-2014-02_15_53.wav,no, no,-0.332891514639,1.12584007459,1.60652853334,1.41765780581,1.45791617205,1.53271362479,1.78056904814,2.02473206911,2.23942242136,2.574442794,2.85598493312,3.08616599031,3.47477998334, 17.975333037683843,300.0874375,-0.663269671551573
10_listens4-audio-03-06-2014-02_30_55.wav,no, no,-0.133008935276,1.15398801676,1.53199883649,1.56056291257,1.98037051627,1.91047017358,2.13211333238,2.38080414789,2.72754846092,3.06784940131,3.18904079989,3.24431784338,3.70242131713, 19.856823243495644,300.1875,-0.7786402895726432
10_listens4-audio-03-06-2014-02_35_55.wav,no, no,-0.262503202254,1.08805216485,1.54699522996,1.60558139953,2.00924487244,2.10287744349,2.4258186833,2.60017170234,2.9417887152,3.33539260136,3.46459086429,3.51501237002,3.89131836358, 20.025686434056162,300.0874375,-0.8644537597028941
10_listens4-audio-03-06-2014-02_50_57.wav,no, no,-0.391769193981,0.928398929008,1.43476666808,1.48852212747,1.8951159651,1.99140311525,2.30184353081,2.49252200062,2.92810452945,3.37463996976,3.54994116307,3.56217110833,3.9055662972, 19.441461187798158,300.2875625,-0.7836492483168835
10_listens4-audio-03-06-2014-02_55_58.wav,no, no,-0.260392901892,1.05958542555,1.54538335751,1.57472752725,1.92541624379,2.01835567951,2.4083343926,2.62126721287,3.03001569949,3.54230508025,3.68810102763,3.71174242095,4.06639953463, 20.651270140310164,300.0874375,-1.0452037096210072
10_listens4-audio-03-06-2014-03_00_58.wav,no, no,-0.204949472668,1.14511983561,1.61296022059,1.55333771564,1.86355108507,1.94832207092,2.29598871743,2.46144493095,2.81033005784,3.29930622342,3.46924846017,3.48865477476,3.84425108691, 19.810487768231877,299.987375,-0.8449493529255029
10_listens4-audio-03-06-2014-10_51_03.wav,no, no,5.92743612061,5.94548647504,6.14791104792,6.52004375039,6.78716250086,7.2748151866,7.99728903385,8.31718278682,8.76235088219,9.26910250242,9.59327044043,10.0194832227,10.4041616494, 42.252055836365805,345.215625,-2.712526239619372
10_listens4-audio-03-06-2014-11_16_06.wav,no, no,4.82875308685,5.40060584664,6.1678181548,6.84160575899,6.72306951714,6.8077227741,7.18640833165,7.65100772597,8.05022771092,8.11593578978,8.45613168066,8.49662461075,8.67837228724, 38.58836574331722,326.5039375,-2.8529234825600716
