speech, Avgf0, Avgf1, Avgf2, Avgf3, Avgf4, Avgf5, Avgf6, Avgf7, Avgf8, Avgf9, Avgf10, Avgf11, Avgf12
nee,647.260.492.166,570.206.849.518,57.369.543.662,572.990.638.243,605.864.006.936,650.812.728.744,666.554.624.871,679.385.378.196,729.834.517.576,787.846.283.559,843.633.986.374,936.053.530.001,997.465.629.057
nee,648.635.040.725,558.688.196.076,573.580.715.896,579.628.307.662,610.295.771.061,678.053.165.854,674.062.809.968,692.875.247.311,74.783.859.629,801.815.955.351,890.526.127.993,958.691.446.077,102.013.947.679
nee,648.175.461.573,543.278.655.268,566.755.580.076,56.847.965.189,632.134.064.054,697.254.157.915,681.824.217.069,711.417.715.804,75.854.785.482,826.639.544.164,873.914.239.036,935.411.450.516,101.322.246.231
nee,650.322.639.817,567.179.647.495,574.775.137.763,549.414.382.428,620.514.256.233,668.303.824.045,642.891.837.159,687.020.160.423,728.471.809.425,787.360.160.172,853.478.624.167,939.352.438.966,100.413.389.842
nee,678.547.671.841,580.170.735.171,597.552.919.431,593.172.013.392,648.786.570.428,706.921.266.339,711.209.767.441,738.735.897.482,783.190.562.366,811.950.491.826,917.561.255.147,994.887.591.981,10.447.880.349
nee,6.152.475.172,536.176.635.688,54.265.572.298,542.779.593.883,610.831.527.308,680.933.874.074,672.591.422.535,70.259.991.786,742.822.121.988,802.204.847.703,877.301.494.552,954.947.414.288,101.502.096.466
nee,650.347.683.769,55.509.671.801,561.660.672.611,552.034.562.214,599.425.915.802,67.690.155.247,661.183.383.826,706.005.593.829,755.205.463.806,795.647.211.745,864.508.112.088,933.315.239.805,998.709.956.458
nee,63.557.513.735,551.379.514.126,554.395.338.391,55.233.110.231,603.813.691.777,685.887.060.738,666.276.976.318,696.873.611.347,749.834.901.508,7.932.140.628,845.858.321.399,920.788.707.179,993.103.822.895
nee,687.601.449.156,609.712.780.531,61.789.364.139,604.980.676.927,667.016.947.156,726.702.637.752,715.991.993.392,742.035.845.393,788.348.981.992,819.546.541.416,909.128.737.885,997.335.325.298,105.608.145.518
nee,59.215.531.032,508.784.279.794,518.566.731.778,509.491.422.485,584.839.137.356,645.007.144.591,648.790.322.881,67.310.540.261,702.711.444.619,759.809.403.015,830.406.664.634,918.029.706.421,976.221.364.572
nee,452.267.402.625,406.991.515.031,329.503.601.576,297.634.348.336,308.533.030.517,300.160.724.053,325.894.712.803,348.987.415.705,314.501.120.298,293.185.114.442,286.361.248.442,315.066.785.759,335.171.894.527
nee,434.961.128.075,431.756.210.443,355.575.108.447,310.761.298.464,302.517.330.301,319.162.410.406,320.355.756.556,319.482.171.659,295.595.551.138,328.719.174.673,320.418.943.833,354.716.606.416,371.524.910.139
nee,440.403.514.255,421.716.484.986,365.922.776.524,312.056.206.208,299.848.920.586,334.529.013.415,314.453.051.736,303.419.310.134,27.943.199.569,367.889.355.233,372.304.086.741,359.598.176.979,370.581.758.191
nee,433.638.258.071,397.707.932.844,342.189.441.727,293.842.906.727,272.640.004.135,315.096.593.668,400.934.179.871,426.512.945.255,355.333.623.752,375.686.993.152,385.244.979.123,362.102.257.293,340.208.092.178
nee,48.155.878.935,450.412.295.732,389.398.839.906,353.510.837.198,373.044.914.277,351.969.911.134,368.560.318.191,364.802.682.549,394.274.317.927,440.710.323.333,396.914.985.832,358.070.025.561,341.993.100.867
nee,424.157.657.672,406.093.120.931,347.387.241.556,303.009.621.643,307.958.317.881,31.924.198.991,280.136.570.949,265.635.927.669,380.630.686.831,438.853.860.545,381.438.511.202,395.156.580.303,365.611.725.567
nee,41.350.821.164,402.667.708.629,360.723.322.305,297.028.300.394,28.842.291.885,309.262.709.008,319.337.395.299,342.296.248.867,381.548.031.114,397.456.185.179,385.489.938.001,397.423.685.106,367.197.806.942
nee,409.294.834.776,398.991.976.281,365.449.326.009,302.099.283.775,292.963.317.805,318.008.230.713,407.016.520.866,441.738.462.999,386.051.509.933,362.151.763.649,371.825.952.507,380.312.563.119,350.482.183.683
nee,4.644.010.581,441.152.200.632,38.501.643.109,34.610.123.918,394.522.968.563,343.798.653.412,36.073.765.434,36.284.879.337,398.068.696.978,434.070.627.072,405.935.775.755,374.926.431.224,376.062.166.813
nee,377.801.149.874,379.690.733.579,323.791.538.993,274.606.918.292,292.594.080.062,276.114.665.817,291.282.134.436,307.138.509.097,391.191.199.111,439.493.516.381,370.730.880.078,356.359.764.616,335.292.442.164
nee,471.011.894.823,302.085.588.295,282.215.942.068,267.233.550.275,29.716.915.152,325.092.239.547,335.516.984.393,352.665.377.946,346.013.022.415,327.636.521.027,351.703.288.959,354.639.815.615,383.352.591.921
nee,494.607.581.742,31.689.195.649,303.834.767.434,278.744.707.818,317.803.030.191,358.672.630.258,356.245.080.003,364.974.231.322,349.309.826.174,343.132.085.587,346.461.734.252,365.906.587.841,387.995.835.211
nee,501.023.375.599,339.410.678.501,314.841.357.813,284.976.682.104,321.888.224.093,371.823.264.815,360.457.041.169,375.324.476.104,362.960.249.814,361.842.559.406,363.175.230.904,370.773.607.342,386.373.679.835
nee,474.522.504.085,32.310.109.714,289.974.721.739,270.014.276.507,302.804.013.923,339.058.111.944,322.148.839.582,34.772.370.548,341.031.671.426,323.637.941.971,352.373.004.078,372.033.367.944,388.357.062.201
nee,513.479.478.278,332.044.242.222,317.219.488.282,289.785.712.711,343.305.305.212,370.443.685.066,38.649.221.191,392.594.950.509,387.764.987.155,371.772.213.276,361.251.734.053,389.736.912.163,415.773.639.214
nee,49.530.171.217,303.628.801.484,301.960.794.867,273.762.303.239,309.499.038.664,352.911.641.876,358.767.409.655,366.732.445.961,350.069.281.006,354.573.909.184,354.946.265.001,37.643.985.815,386.657.026.014
nee,488.283.230.986,310.687.158.541,299.191.244.224,265.726.164.911,306.784.389.121,33.823.475.566,341.143.551.009,357.071.992.369,363.953.967.171,350.863.715.597,352.843.888.085,368.048.342.857,393.201.105.515
nee,49.067.255.056,336.221.039.536,308.243.420.402,287.243.298.199,30.653.852.859,351.996.991.698,334.275.020.456,348.760.609.822,344.966.799.193,343.884.676.544,34.045.931.957,362.782.508.906,384.225.194.893
nee,514.226.182.975,338.722.660.548,315.878.136.397,291.507.954.128,344.005.919.027,368.438.209.866,386.371.577.838,388.219.864.133,385.262.799.623,376.880.566.455,370.210.031.471,383.234.583.784,403.010.488.796
nee,457.470.772.471,287.226.710.991,271.613.636.511,248.419.535.463,281.611.683.439,303.264.090.969,316.117.115.217,329.912.454.489,318.747.310.651,324.344.106.221,331.832.431.626,349.531.496.559,36.870.644.951
nee,549.554.960.467,389.236.371.854,373.040.991.842,304.647.937.725,310.415.369.076,3.308.077.967,32.958.066.389,326.992.309.803,340.690.845.516,336.303.035.207,366.434.274.552,382.507.049.799,424.936.346.439
nee,570.048.100.385,418.584.135.312,398.220.825.058,324.836.938.145,335.167.790.575,350.296.117.764,333.054.823.295,341.765.011.026,350.969.580.208,359.884.256.878,386.031.708.905,411.272.344.658,450.798.742.793
nee,582.988.863.531,415.442.999.066,391.018.229.747,32.517.332.006,339.698.625.202,36.581.784.767,334.998.611.246,344.110.621.843,353.109.217.685,366.039.619.266,399.534.108.945,42.205.758.063,451.284.525.267
nee,562.447.047.828,385.815.325.271,382.963.997.667,313.083.076.839,334.542.428.959,347.977.614.139,320.581.171.209,316.764.069.101,332.586.355.982,358.208.555.256,368.975.946.634,410.619.292.212,442.056.864.585
nee,607.431.502.668,439.188.371.201,407.110.284.703,344.464.368.425,361.820.481.681,378.757.693.743,364.497.857.279,354.019.883.344,371.376.365.104,372.384.797.579,407.367.767.098,442.605.686.186,473.390.988.826
nee,567.287.672.212,392.404.655.034,383.945.759.628,31.230.578.927,330.581.720.219,356.788.971.877,324.083.302.721,327.579.426.636,34.857.833.971,356.620.779.548,381.421.010.822,421.609.511.124,456.326.355.312
nee,559.866.188.443,388.638.892.333,384.727.070.123,319.908.503.076,33.180.775.232,351.985.873.292,32.282.215.757,325.631.680.946,363.482.930.366,37.762.124.554,379.267.347.874,413.886.857.307,437.912.854.394
nee,563.640.480.674,403.706.975.176,394.976.840.852,322.502.510.927,341.119.503.114,36.004.955.664,330.190.144.005,334.507.257.326,346.637.847.326,36.090.332.966,368.881.871.183,398.614.700.912,422.537.261.064
nee,600.303.635.687,434.639.268.769,413.438.537.256,347.432.503.398,353.513.886.519,368.039.505.804,360.731.712.267,360.510.198.351,371.281.468.605,37.826.583.635,395.846.950.955,432.684.189.846,468.915.266.985
nee,533.611.228.312,360.180.664.776,351.803.941.547,288.438.461.661,29.849.207.638,317.745.654.797,305.847.657.525,303.154.399.576,316.159.862.884,330.088.387.052,363.854.369.129,382.952.558.118,421.028.077.577
nee,443.080.083.356,250.313.609.765,276.779.859.588,23.334.051.337,256.209.709.455,289.193.304.471,378.217.736.985,423.972.187.054,561.296.436.713,592.537.360.716,751.117.359.867,748.723.927.991,712.029.625.323
nee,450.933.815.016,284.735.081.998,262.221.784.824,251.481.454.521,263.197.136.126,295.059.516.619,40.549.866.321,449.826.771.958,577.502.367.988,607.426.490.447,767.874.671.881,772.374.375.594,737.236.063.748
nee,467.837.064.427,302.285.213.187,281.993.222.657,275.791.865.558,275.810.652.367,307.800.152.181,411.417.144.796,469.861.196.315,593.363.350.983,622.084.642.647,788.611.798.157,785.769.537.169,739.090.173.842
nee,437.684.897.564,253.281.040.798,26.562.850.697,237.338.505.384,250.618.338.314,287.501.475.981,377.163.075.207,422.638.078.098,549.897.784.543,589.609.990.329,751.119.860.776,750.418.874.864,708.628.440.669
nee,488.301.479.091,318.661.687.658,312.692.009.838,279.335.997.173,291.813.860.351,318.093.211.266,440.286.780.305,489.251.238.122,619.439.471.374,652.802.266.511,806.011.367.113,814.692.003.617,784.802.365.097
nee,434.920.142.366,264.597.587.147,273.778.946.539,243.748.446.445,274.467.078.933,299.971.197.854,404.985.631.914,449.483.532.778,581.230.714.618,625.436.472.579,790.864.540.482,786.813.096.541,743.656.869.162
nee,44.606.900.124,298.239.321.623,2.627.127.547,240.941.147.511,263.131.221.294,298.528.033.072,387.338.203.026,437.643.735.102,572.101.279.596,608.502.135.498,754.720.113.035,753.478.677.067,7.163.876.934
nee,467.065.723.555,274.454.435.475,278.198.525.428,23.767.119.195,267.034.390.001,294.767.411.157,392.307.193.341,432.914.215.236,577.940.841.917,606.400.055.657,769.206.408.892,761.642.171.534,723.020.035.687
nee,496.630.411.976,309.708.908.533,312.884.360.126,290.109.148.777,304.023.000.855,325.101.890.085,428.908.446.224,479.478.546.458,618.942.505.522,649.413.688.174,798.294.859.216,798.881.805.638,771.324.414.164
nee,408.815.818.162,253.819.058.667,239.095.264.749,214.889.766.382,228.523.588.175,246.237.205.377,366.239.885.163,41.481.273.405,54.562.595.129,568.705.858.142,73.102.544.838,739.406.723.087,704.860.874.131
nee,577.505.923.944,430.104.505.744,437.500.749.182,385.477.357.555,412.279.686.837,437.298.175.098,449.775.641.409,468.143.125.749,511.758.390.027,570.526.074.157,612.570.630.646,673.799.998.661,733.633.825.344
nee,6.131.355.056,473.265.644.521,462.126.745.579,409.059.945.139,448.206.109.021,475.631.894.157,487.428.632.421,504.568.434.226,534.698.231.861,58.693.344.971,639.073.159.629,704.787.077.026,742.932.801.283
nee,597.872.013.386,454.554.232.509,449.407.408.952,408.186.964.255,438.027.798.456,465.000.463.988,486.255.330.757,516.693.937.957,545.026.632.422,600.822.462.847,639.564.857.494,702.477.053.104,75.248.956.453
nee,592.171.588.963,436.043.138.516,437.942.350.524,388.309.132.853,412.232.814.909,436.290.046.915,459.096.892.811,487.845.060.171,514.840.344.638,576.894.926.044,625.962.204.844,68.857.411.961,731.112.541.659
nee,620.868.346.356,463.919.681.965,477.126.821.458,42.092.857.841,453.983.385.385,48.767.032.704,49.822.263.374,532.330.758.768,566.502.594.383,619.281.405.973,669.603.832.034,746.483.664.002,77.760.665.839
nee,591.360.027.265,438.208.778.042,439.576.148.624,386.407.465.173,406.569.435.071,451.097.886.624,464.452.687.148,510.998.337.764,525.853.973.688,593.720.179.902,636.820.589.752,716.320.756.484,755.524.775.333
nee,598.040.496.539,446.938.426.698,44.419.166.587,394.061.217.204,436.449.161.152,455.260.607.736,476.266.664.522,514.238.233.481,526.691.182.872,587.493.811.882,628.572.451.017,687.311.582.765,732.535.880.509
nee,600.268.470.902,447.566.978.587,459.217.775.479,415.587.775.638,433.959.892.711,459.980.654.865,474.447.654.855,510.632.868.926,540.651.962.667,581.785.293.324,61.517.651.763,676.268.948.479,723.840.671.967
nee,614.727.656.324,469.045.767.155,481.083.205.252,428.699.752.195,459.727.088.175,489.377.853.422,488.344.130.088,525.489.697.284,570.984.914.907,610.510.540.221,676.068.912.671,735.015.965.679,781.448.226.989
nee,578.228.804.805,431.252.729.678,426.297.260.659,367.903.945.302,406.674.054.612,439.637.370.557,432.209.505.574,479.833.925.463,498.698.262.873,545.349.057.552,603.593.369.305,667.996.735.057,703.263.419.339
nee,429.360.820.072,406.598.338.902,452.613.942.625,41.045.714.426,417.388.894.999,345.525.609.943,334.066.686.419,341.748.735.537,354.836.903.258,352.001.461.593,344.363.261.978,334.788.727.414,343.458.748.627
nee,442.899.761.605,422.923.923.174,475.649.671.493,450.441.801.711,422.954.961.012,347.844.876.455,328.165.608.877,320.137.604.504,371.381.217.852,442.477.795.251,422.604.621.806,352.523.852.686,349.713.288.197
nee,423.997.935.975,441.234.592.866,483.788.083.229,473.506.716.963,420.889.768.386,365.181.891.877,358.162.335.454,329.883.286.824,356.047.985.708,465.322.141.016,451.677.581.067,354.196.374.452,351.435.901.554
nee,436.338.290.365,427.524.336.107,455.710.903.693,453.665.176.733,38.943.349.194,363.198.660.812,402.913.886.477,362.649.847.142,351.136.254.906,394.109.395.327,392.520.916.724,373.837.856.667,347.300.728.532
nee,473.242.319.082,453.034.394.305,507.313.344.435,467.009.009.232,446.388.612.817,387.583.842.978,411.521.607.152,385.033.676.003,433.871.048.684,448.008.703.586,45.191.682.682,375.092.203.894,350.421.713.193
nee,437.065.009.114,408.619.767.874,465.832.551.589,443.798.803.354,395.440.905.831,342.187.924.968,366.921.878.487,344.602.644.364,418.556.563.579,504.732.224.673,459.259.836.468,368.718.641.887,345.693.410.486
nee,43.699.088.238,436.425.583.561,473.598.501.457,46.063.593.372,39.810.252.956,361.378.522.819,385.398.477.836,360.419.631.689,40.104.523.996,470.659.315.496,441.698.192.205,3.954.291.139,350.431.800.922
nee,420.652.789.548,422.348.485.874,462.770.336.627,461.317.083.407,404.837.682.673,392.367.579.072,432.374.231.158,401.005.903.293,379.034.762.934,41.902.449.703,402.165.982.549,388.158.556.929,348.504.145.738
nee,444.045.483.052,432.747.857.556,491.086.203.076,440.687.671.314,428.969.623.204,397.004.265.631,425.047.230.869,418.115.910.219,426.416.392.974,450.270.786.648,494.401.937.695,40.867.586.882,369.105.641.041
nee,398.170.352.884,368.066.906.579,4.263.438.878,387.145.892.529,347.298.931.877,317.906.860.111,36.362.614.314,345.536.514.314,386.950.505.789,414.166.152.172,399.303.180.603,353.111.719.972,341.237.706.844
nee,326.613.525.612,213.441.997.098,205.706.009.544,19.474.541.866,229.696.305.397,278.857.012.768,280.498.461.318,240.489.876.535,259.771.677.222,279.016.636.908,2.921.543.002,325.663.575.876,334.462.556.813
nee,354.605.352.948,186.933.631.572,235.001.519.451,206.337.900.669,22.300.308.872,268.745.796.629,280.206.484.595,235.866.008.684,243.154.850.997,284.505.846.175,310.462.701.399,331.170.160.772,343.268.702.811
nee,346.011.571.368,200.063.209.931,237.759.367.163,215.654.667.092,230.934.327.136,276.357.053.825,274.619.160.181,253.270.254.394,255.658.527.221,278.682.747.621,31.500.745.175,334.307.388.595,341.937.852.097
nee,322.674.467.135,208.014.636.754,223.083.448.403,19.304.038.882,215.034.268.935,242.437.258.221,250.080.795.968,234.430.892.571,246.849.232.941,278.156.214.864,294.609.130.968,328.958.527.881,340.232.971.076
nee,379.427.415.966,239.735.371.213,244.643.076.642,23.120.995.651,261.270.863.811,316.366.031.201,32.047.761.227,263.632.779.321,283.806.983.565,31.144.011.305,327.021.261.249,337.714.201.179,348.604.452.005
nee,34.917.727.972,215.141.871.831,219.594.855.903,196.066.027.221,216.117.803.454,265.628.201.233,27.819.157.379,252.701.265.928,242.440.732.541,290.326.757.989,303.114.000.489,330.616.512.769,350.267.146.416
nee,324.745.773.386,195.522.226.133,231.497.475.091,212.672.295.636,216.863.722.548,248.514.211.647,258.572.213.929,243.168.830.863,251.157.921.324,287.939.469.576,303.997.852.447,335.081.406.828,344.884.519.527
nee,328.851.278.646,221.334.467.108,225.740.529.942,218.567.135.468,217.214.280.833,254.006.981.027,267.548.591.761,255.192.376.382,234.505.823.301,289.810.305.993,301.816.108.463,334.582.607.028,34.992.344.074
nee,357.056.896.318,232.304.800.798,241.169.590.734,216.253.535.951,269.052.048.876,299.514.389.599,301.453.157.276,267.969.456.016,275.960.103.125,302.100.850.278,321.370.960.858,353.173.935.123,357.853.489.598
nee,309.334.354.149,169.684.256.255,203.123.835.071,172.580.310.655,205.265.946.367,22.818.567.054,234.790.805.008,218.164.308.473,226.471.990.852,257.301.157.246,282.201.498.964,322.615.859.604,337.207.122.269
nee,516.156.527.777,378.527.028.798,329.961.835.898,295.536.251.787,267.025.259.716,286.864.763.538,255.565.624.878,252.357.823.275,266.593.728.759,300.567.971.906,314.379.659.062,344.208.453.754,363.762.839.514
nee,535.247.562.195,39.958.259.122,350.231.441.535,319.839.511.185,292.193.034.132,29.722.494.397,267.876.591.306,271.322.869.562,279.933.767.089,309.911.434.247,318.988.763.216,340.090.947.241,364.382.566.599
nee,543.129.273.053,39.622.840.995,358.860.651.098,313.993.586.864,301.086.914.087,311.231.234.399,27.860.407.219,278.226.573.505,286.369.350.462,312.847.057.971,323.226.576.963,342.055.733.034,371.177.326.027
nee,528.237.886.797,385.942.269.161,349.019.286.414,300.939.027.598,285.144.425.367,293.249.154.778,261.689.857.795,266.522.134.969,255.901.804.544,295.467.797.336,312.622.471.682,336.633.047.143,363.170.501.085
nee,558.816.233.931,394.887.192.868,370.146.190.143,331.577.428.805,309.866.264.206,327.053.936.607,305.731.490.726,301.942.661.494,300.141.439.751,333.466.752.038,340.306.728.632,361.895.921.161,387.835.156.919
nee,540.270.043.037,400.209.078.722,356.576.649.941,323.610.680.949,294.285.737.707,290.806.665.556,279.624.736.484,27.974.781.955,265.792.243.121,299.862.717.054,317.904.247.478,354.661.173.418,37.274.122.945
nee,530.695.626.775,391.306.477.374,348.455.124.891,304.890.066.271,292.602.223.864,290.861.255.718,26.542.354.749,266.076.143.721,259.469.297.644,296.911.740.971,316.252.696.737,350.624.713.837,372.398.093.723
nee,535.508.156.569,399.760.999.533,354.274.344.476,311.336.575.907,295.369.511.916,304.154.907.749,268.659.466.276,276.808.496.882,264.726.522.597,302.880.570.092,303.615.490.379,342.742.271.635,374.064.446.327
nee,564.027.577.929,419.249.842.909,373.025.275.336,334.599.277.516,308.631.682.548,329.926.999.662,297.879.679.404,302.468.831.809,30.691.814.394,325.749.924.109,333.995.841.442,367.221.434.844,384.059.398.567
nee,516.698.094.954,361.353.873.113,327.238.862.998,292.343.004.505,262.132.178.621,262.711.754.449,235.050.036.953,244.756.661.091,257.138.871.381,291.065.399.497,298.040.813.232,331.421.232.906,353.719.198.871
nee,474.858.357.168,319.047.996.354,314.829.471.746,23.178.103.898,283.321.808.802,264.698.987.726,280.666.363.559,32.265.427.118,403.634.916.875,428.009.391.385,453.551.054.782,530.683.930.803,602.497.783.929
nee,512.281.590.578,35.175.938.005,344.435.937.796,257.992.725.145,298.979.537.544,289.881.862.079,308.759.234.821,334.568.846.431,423.311.642.296,432.870.168.664,452.936.287.095,563.511.096.353,627.280.753.775
nee,5.416.781.986,381.171.422.033,350.087.767.894,272.319.249.965,311.255.732.624,303.770.063.434,32.168.601.445,352.100.237.908,428.025.051.737,450.965.778.419,473.398.262.284,557.291.976.388,628.564.371.309
nee,446.087.569.154,310.182.948.024,311.690.851.259,229.808.769.417,259.697.360.176,269.454.141.678,282.423.101.553,318.232.255.218,403.835.154.251,430.349.050.235,455.667.040.042,542.033.752.578,612.531.183.517
nee,482.492.580.227,352.869.770.156,353.858.530.173,273.451.438.571,317.056.250.741,31.963.468.408,327.493.119.523,380.132.233.323,468.493.173.933,486.861.584.592,503.217.400.972,589.203.901.883,655.768.474.264
nee,514.194.748.521,359.711.013.758,350.581.187.154,287.897.853.012,296.794.922.266,295.584.554.548,315.458.700.443,348.636.939.299,427.127.719.118,444.790.222.679,470.581.944.113,552.403.897.896,622.561.940.316
nee,465.832.601.359,313.320.913.811,319.154.488.786,241.360.661.555,274.335.385.322,267.570.607.362,279.818.126.253,333.260.568.853,420.469.811.106,436.449.647.711,461.459.180.038,54.866.754.256,612.655.693.658
nee,489.298.657.726,350.385.794.179,345.695.326.416,262.853.914.829,285.993.774.435,275.656.570.811,298.480.478.035,331.676.067.765,42.390.838.089,441.526.613.298,45.978.253.424,541.119.057.492,604.112.125.545
nee,498.499.730.375,347.733.333.125,368.308.305.736,282.997.708.685,32.179.391.962,320.525.219.924,323.153.797.301,379.260.369.815,467.571.870.123,481.662.119.451,499.701.260.496,581.705.909.141,671.835.994.672
nee,493.200.634.879,348.474.398.904,314.265.880.982,24.431.484.646,259.400.462.608,261.533.077.439,270.331.710.384,308.245.495.195,400.012.906.721,406.475.457.678,420.619.984.264,514.852.612.095,580.581.450.248
nee,590.454.964.831,445.349.389.169,405.590.816.664,381.350.295.471,388.865.407.329,397.334.377.546,397.932.014.476,434.999.671.326,493.686.892.741,558.577.844.546,604.956.911.337,670.894.914.944,742.265.682.685
nee,612.400.835.098,470.244.609.613,439.971.555.889,413.284.553.975,408.466.924.198,42.162.821.728,419.991.684.513,471.123.438.082,504.319.027.669,557.908.352.996,633.131.954.135,694.771.605.215,746.474.854.107
nee,621.212.175.175,470.296.976.043,439.955.318.712,414.995.933.508,406.055.144.853,423.804.413.241,411.889.807.486,477.006.628.089,512.081.329.966,569.914.177.558,625.061.601.689,694.787.690.389,733.142.141.281
nee,589.751.863.268,454.280.306.407,411.810.786.546,375.621.394.471,358.262.152.016,375.736.125.667,382.283.663.084,439.664.568.572,488.644.017.928,545.353.910.296,597.826.788.433,677.768.736.376,740.640.713.174
nee,631.362.173.748,485.642.365.573,456.970.575.028,41.697.634.034,418.389.574.037,436.486.251.303,432.364.049.433,506.696.709.794,541.907.324.961,591.355.679.128,647.487.279.488,729.086.070.526,785.169.228.039
nee,5.957.055.225,474.036.728.794,439.191.769.634,411.080.589.141,394.734.972.803,410.346.891.596,414.991.030.371,47.707.165.081,509.985.201.015,567.313.529.843,618.815.218.555,706.808.117.329,761.448.530.129
nee,589.375.659.626,467.343.322.667,422.141.257.405,385.912.054.868,364.941.652.577,386.927.704.704,390.111.837.273,438.102.981.391,494.131.369.131,554.560.842.887,59.913.580.211,663.199.431.543,732.457.163.781
nee,603.546.911.144,448.993.872.207,432.672.744.273,392.412.860.995,388.742.214.651,40.894.076.136,41.144.752.486,447.649.628.284,504.240.047.825,54.836.375.666,588.944.060.717,665.098.010.749,726.031.763.908
nee,639.547.885.084,491.166.549.434,473.943.191.277,431.897.305.099,431.445.427.165,457.558.527.592,45.154.129.703,519.353.214.225,542.565.330.644,580.713.300.223,641.001.433.731,721.074.934.911,785.810.721.037
nee,563.331.037.272,445.428.025.682,423.666.997.623,391.527.567.952,38.228.731.368,391.416.811.124,391.898.964.803,449.433.832.312,475.622.177.251,517.585.284.961,577.311.373.938,660.359.402.863,705.604.245.641
nee,414.564.238.212,369.274.961.864,45.062.568.325,480.663.994.365,532.675.246.301,463.883.412.556,474.152.152.509,438.134.575.956,52.911.307.072,448.103.130.486,397.194.201.449,381.465.546.942,371.763.820.115
nee,42.932.249.495,371.593.401.093,470.281.388.131,504.157.988.532,542.432.776.253,487.517.491.074,48.925.525.706,431.369.296.733,504.292.642.519,455.288.834.026,465.729.624.422,410.018.916.761,394.710.436.178
nee,412.548.227.448,376.276.163.768,469.776.117.121,501.928.718.102,530.658.759.431,499.969.888.043,473.464.965.864,475.590.305.598,477.124.203.075,514.588.241.904,517.434.572.156,462.924.177.898,379.126.491.133
nee,398.151.684.394,342.673.686.022,44.395.919.245,45.968.787.793,488.167.963.011,478.432.260.955,482.133.769.447,503.153.334.728,492.661.998.084,506.159.634.396,504.255.206.326,477.678.932.962,384.836.585.029
nee,454.581.249.909,403.525.075.709,504.194.427.364,537.551.318.247,609.486.449.871,517.763.586.901,526.399.435.414,504.009.141.727,592.768.710.922,480.373.946.021,506.187.815.933,446.504.020.285,39.928.566.002
nee,397.787.835.105,357.511.678.269,459.913.550.156,495.067.036.992,54.764.650.817,483.691.094.267,482.832.156.062,495.511.465.574,514.268.216.438,517.007.282.177,507.989.648.905,46.547.105.587,389.597.776.684
nee,401.680.626.727,359.118.200.857,462.507.863.822,482.124.941.871,517.205.970.271,479.482.483.482,446.556.466.796,519.437.894.255,525.352.463.894,525.199.813.125,523.846.348.504,491.352.141.266,385.443.624.497
nee,385.763.625.252,326.343.149.622,452.074.826.309,470.364.077.326,504.247.376.778,478.314.218.924,486.606.279.076,522.742.199.693,508.874.416.984,501.200.927.245,506.171.742.933,495.628.917.452,379.946.898.336
nee,447.057.606.175,373.883.336.146,495.770.474.006,522.957.576.891,62.222.351.844,519.537.873.657,524.448.259.862,540.547.550.236,563.662.866.394,51.552.125.149,541.615.371.701,494.700.559.085,423.504.025.957
nee,34.712.143.678,306.192.140.589,429.109.049.695,460.266.340.165,532.400.204.388,440.804.943.578,45.331.078.295,462.366.569.341,49.299.640.016,459.827.832.327,49.235.632.359,443.455.521.611,3.660.772.518
nee,397.873.483.317,228.548.283.833,261.906.251.732,27.610.227.273,291.472.864.599,313.702.452.528,304.142.222.386,290.438.983.517,3.030.205.003,329.679.627.888,37.250.463.249,368.376.484.032,364.590.561.757
nee,421.221.701.982,259.776.824.708,283.953.447.813,279.925.664.521,312.867.913.333,337.678.664.987,316.797.178.898,312.216.193.872,302.407.122.697,334.283.633.578,36.895.353.687,374.505.684.149,374.212.106.771
nee,432.026.350.524,246.802.393.328,296.659.273.527,281.439.340.485,327.884.517.135,356.768.185.888,3.325.732.691,320.628.759.646,303.155.102.165,34.319.826.121,388.535.737.682,375.966.038.249,371.009.013.932
nee,405.283.964.154,212.842.747.289,267.439.582.756,247.494.532.636,305.018.487.197,33.679.866.234,309.790.846.382,295.301.913.159,287.118.185.501,32.179.061.553,355.986.702.372,368.852.744.981,356.837.382.679
nee,428.461.115.328,275.234.432.884,305.214.242.847,32.343.284.541,332.988.700.775,354.422.389.703,342.437.475.831,343.135.706.568,34.175.637.093,371.115.942.486,401.184.880.666,393.348.899.357,397.565.537.684
nee,38.793.460.092,234.065.277.475,265.691.180.007,270.049.996.642,312.273.651.374,338.256.023.329,312.486.974.573,303.808.875.584,291.487.982.379,347.812.462.476,382.065.757.742,391.996.105.743,376.876.254.529
nee,422.615.409.173,23.314.810.749,27.870.955.407,257.367.802.916,306.034.626.546,332.494.624.628,318.127.767.083,321.911.632.763,309.035.110.925,34.534.601.668,36.928.560.718,380.530.909.011,371.845.686.597
nee,429.374.268.171,2.609.887.769,292.916.956.733,258.934.936.282,322.476.297.632,348.986.398.032,32.800.324.414,314.572.917.914,301.907.743.644,329.719.230.297,359.501.695.362,365.894.469.323,367.535.942.202
nee,429.726.647.639,267.736.148.273,302.222.168.947,321.964.350.621,319.212.818.115,339.821.698.176,331.261.466.055,331.212.312.189,339.284.554.011,360.042.794.982,405.610.042.947,393.897.802.378,388.010.455.417
nee,39.240.866.119,204.106.663.629,231.653.967.984,244.199.075.808,251.412.055.153,276.950.341.086,256.153.765.106,262.655.430.957,261.377.123.308,302.034.698.565,336.153.885.417,348.344.651.991,359.625.282.927
nee,474.461.573.073,330.472.598.524,30.024.084.334,282.648.944.458,277.746.390.492,280.051.957.892,262.475.983.072,278.174.437.933,291.152.767.606,317.336.882.266,324.138.222.711,362.518.486.856,39.124.732.912
nee,495.436.121.059,380.486.184.702,315.822.901.994,289.627.182.115,298.624.725.054,300.938.010.566,275.022.151.876,292.058.146.994,304.377.308.165,336.321.824.905,346.552.379.829,37.571.372.058,40.687.669.168
nee,495.606.470.863,365.785.370.876,317.335.563.578,283.319.110.191,305.507.089.228,308.326.178.834,293.834.169.709,322.991.344.921,331.877.478.212,347.882.520.866,360.218.540.628,378.393.102.494,410.928.679.517
nee,475.859.280.323,360.460.735.185,296.861.366.006,266.094.217.692,284.353.177.899,286.770.276.205,269.590.047.753,296.540.050.393,308.484.185.325,322.010.937.758,348.652.962.806,366.215.104.863,397.887.483.305
nee,522.521.240.601,382.787.876.022,353.681.411.595,320.734.598.397,325.977.079.385,335.090.547.159,319.272.184.554,329.507.562.858,327.986.968.207,341.476.184.649,352.603.905.708,393.930.530.273,427.038.472.604
nee,475.892.736.208,364.453.985.787,316.861.901.298,285.858.269.794,298.356.866.434,312.800.261.047,290.583.637.401,309.494.299.446,32.148.911.319,349.424.534.868,361.044.370.383,386.326.523.261,414.673.707.497
nee,470.992.147.172,364.882.832.254,299.216.711.603,271.083.107.948,285.930.836.608,299.110.327.412,274.662.796.545,281.310.347.556,310.358.250.022,325.675.179.164,343.528.348.043,370.623.275.588,402.006.605.623
nee,489.364.099.934,36.397.529.914,307.387.219.043,2.802.309.752,282.458.020.895,305.608.415.721,271.594.067.849,30.322.984.646,326.358.812.663,329.406.873.225,349.029.164.141,362.938.133.999,393.597.537.144
nee,53.036.226.301,36.696.969.101,353.636.199.244,307.423.236.997,315.991.930.988,33.886.116.814,313.504.301.269,329.744.576.111,332.584.546.063,347.617.620.284,366.149.899.417,397.925.615.478,424.246.914.444
nee,468.125.004.794,34.693.249.639,300.124.601.793,259.274.987.733,262.316.981.762,288.051.030.526,262.930.292.575,27.088.638.631,28.217.206.465,314.884.659.745,316.059.521.762,358.619.212.115,380.711.562.764
nee,480.981.842.675,34.893.300.549,301.876.325.376,236.562.877.107,234.146.642.481,25.426.725.134,260.424.519.205,293.035.079.081,330.209.276.529,39.228.993.866,413.531.319.278,465.719.966.612,557.147.191.312
nee,551.486.819.601,366.478.215.664,355.786.870.445,279.147.225.112,269.398.861.087,290.171.449.164,276.206.156.322,315.966.537.915,334.087.036.011,404.578.027.067,437.823.064.622,492.713.826.186,580.750.015.935
nee,514.121.314.342,349.219.421.973,330.775.191.017,273.133.962.449,262.072.185.731,281.591.276.995,292.079.810.055,325.006.157.304,360.902.911.525,417.128.339.225,443.004.010.666,494.768.743.487,575.514.352.918
nee,455.708.133.862,283.567.978.594,265.198.248.286,186.064.911.365,215.556.806.933,236.611.684.905,246.006.243.158,276.284.868.852,316.840.206.589,383.094.955.083,424.052.542.373,464.711.645.095,562.489.007.656
nee,550.686.503.796,336.182.970.544,34.234.528.763,251.069.840.434,28.813.181.144,293.137.866.968,305.364.877.369,340.295.985.754,381.733.259.412,445.919.680.109,478.425.916.285,519.770.124.992,618.080.825.389
nee,53.213.888.142,325.853.068.846,326.696.098.264,256.001.840.828,240.781.044.906,266.389.071.931,274.798.792.027,322.059.940.402,347.202.322.726,41.909.085.099,443.687.453.326,49.061.518.885,580.549.330.644
nee,457.680.393.603,259.633.654.842,267.798.698.251,191.512.034.235,207.466.814.336,243.404.632.433,259.809.667.597,29.877.722.365,341.816.392.241,397.603.254.389,432.642.564.133,478.096.769.463,549.719.488.338
nee,483.679.884.475,270.558.088.232,292.032.596.645,213.870.049.541,225.709.411.985,248.810.233.772,271.481.148.334,310.763.428.233,344.585.838.736,395.736.331.052,418.819.554.464,475.145.234.316,575.663.635.254
nee,5.450.586.219,34.469.154.245,34.515.845.875,268.713.105.821,26.840.284.458,28.796.096.161,290.364.250.613,348.099.703.692,383.175.856.094,43.125.020.877,461.310.562.686,517.203.960.452,621.254.834.159
nee,478.416.592.201,293.492.533.742,312.725.682.941,214.263.684.185,216.333.403.791,24.210.204.904,236.820.481.413,289.495.093.754,318.208.917.652,368.685.699.803,410.765.849.219,456.907.326.433,548.788.418.469
nee,632.563.249.489,47.489.121.257,470.065.211.196,42.908.081.343,436.615.854.971,450.589.238.657,428.124.550.037,460.993.221.325,512.138.213.535,568.203.256.213,62.144.231.308,687.153.507.202,746.555.961.627
nee,652.396.269.572,515.939.762.842,481.480.644.214,441.753.686.108,455.891.839.504,47.424.943.037,440.563.886.537,480.217.099.255,512.009.233.063,566.970.793.089,634.869.942.946,691.984.873.359,762.165.476.939
nee,660.136.168.022,510.636.330.243,467.683.760.853,421.924.055.338,456.383.547.376,474.897.111.432,452.353.313.589,486.997.115.119,5.159.212.187,581.422.724.256,635.528.924.478,695.194.155.232,751.828.887.241
nee,646.640.715.554,501.534.755.267,457.806.270.686,416.256.208.203,42.671.279.456,443.932.057.409,421.667.945.777,452.108.402.417,489.540.475.523,572.597.479.494,619.775.704.323,686.816.840.285,729.242.403.805
nee,688.590.232.035,538.304.708.289,498.751.459.611,465.110.644.423,480.299.655.265,499.443.340.497,459.078.572.647,523.319.012.399,552.451.302,590.831.691.533,660.919.090.677,739.820.791.166,784.463.961.485
nee,648.135.782.694,517.999.403.303,464.354.739.677,436.962.110.024,440.924.685.279,461.377.090.528,428.105.322.095,479.233.926.733,500.939.250.645,577.161.069.546,622.709.891.205,711.538.481.394,767.860.691.757
nee,650.269.850.235,505.879.349.305,465.153.729.287,427.415.125.512,44.004.918.655,454.923.312.386,427.232.720.547,469.756.652.533,504.146.313.985,571.785.339.687,609.324.099.253,67.649.182.413,745.494.546.259
nee,656.333.681.238,512.712.348.118,473.254.793.737,436.719.245.055,447.545.698.009,460.893.127.229,43.743.918.501,483.855.418.308,520.407.435.829,573.562.110.797,611.042.055.282,675.135.836.295,73.127.278.643
nee,688.208.575.437,537.192.922.824,505.350.543.142,466.101.596.554,472.600.897.556,500.066.307.343,47.100.731.723,533.815.943.649,559.838.968.196,602.194.803.781,662.980.358.781,725.097.644.845,785.478.852.525
nee,630.193.218.798,48.905.196.131,435.543.435.433,405.613.509.114,411.301.173.477,43.695.480.747,409.355.459.909,463.732.828.079,480.383.674.499,538.747.552.466,589.797.252.142,677.657.735.826,715.987.574.812
nee,407.007.723.366,419.594.870.867,378.759.910.227,43.228.999.831,486.026.920.306,446.809.333.352,419.708.488.202,402.425.704.977,479.209.040.348,338.742.184.297,347.203.840.407,356.619.528.245,36.445.349.282
nee,409.549.387.421,427.033.170.323,402.129.957.967,445.255.329.207,491.711.618.708,471.583.225.901,447.260.563.661,418.319.527.988,432.694.755.792,412.346.960.103,413.221.591.413,405.929.375.553,386.018.830.082
nee,411.066.599.572,431.561.443.344,405.031.526.441,443.665.165.533,473.077.683.987,48.351.769.535,451.463.062.769,423.296.148.147,403.901.486.176,456.000.118.599,453.960.997.899,420.843.780.598,361.887.927.813
nee,392.689.187.849,411.646.074.085,38.052.051.711,402.506.209.575,434.424.585.805,47.546.832.827,465.146.743.118,459.190.850.131,424.445.433.143,423.682.780.347,451.253.883.424,430.560.691.232,367.140.874.197
nee,443.077.276.405,458.200.434.549,42.802.041.926,481.651.749.596,534.750.555.469,500.543.347.099,466.166.223.033,444.086.781.735,51.660.402.205,452.218.627.651,434.241.008.354,422.224.765.259,388.315.431.872
nee,390.607.284.375,404.258.562.382,387.946.870.783,431.028.107.671,463.893.021.603,454.571.312.019,424.265.355.618,426.975.967.032,488.682.085.341,50.204.499.429,439.878.187.151,43.809.378.773,380.859.852.262
nee,393.084.721.621,413.501.225.179,385.323.946.612,417.705.312.523,434.796.615.334,464.047.596.581,448.191.555.794,445.231.608.661,503.648.714.271,47.235.042.099,464.706.645.765,444.414.101.503,37.709.934.136
nee,372.031.617.631,387.607.900.628,393.633.285.312,41.137.203.453,44.812.568.097,488.456.642.139,504.942.445.168,500.533.962.908,451.464.503.778,426.394.647.395,446.175.690.211,438.735.284.322,365.867.161.267
nee,438.080.950.425,436.846.337.592,410.778.596.052,463.550.767.755,542.991.989.473,508.138.504.001,468.817.103.097,487.963.318.962,511.473.888.358,446.701.483.911,473.131.156.087,461.215.054.403,406.661.945.132
nee,352.659.038.599,36.223.600.607,347.367.885.324,391.707.528.434,440.486.242.909,420.666.012.664,391.249.343.464,422.711.716.119,480.550.483.367,468.553.198.712,421.912.445.529,405.040.198.516,355.803.189.973
nee,483.240.565.656,291.327.394.571,252.941.106.559,253.316.809.496,252.824.710.122,26.498.656.545,248.680.255.101,2.694.475.844,285.201.093.882,290.983.949.527,327.725.111.913,32.109.895.418,350.283.599.588
nee,52.442.511.973,312.715.409.779,269.161.567.697,260.969.417.333,272.609.721.495,294.824.715.314,270.789.242.515,277.253.368.413,271.022.902.373,301.445.512.157,319.968.493.755,345.694.198.513,352.860.661.644
nee,520.243.059.656,304.959.802.771,27.563.966.041,252.867.915.327,282.941.209.273,313.981.786.661,286.772.388.304,283.289.343.571,280.164.043.864,302.604.129.886,329.385.197.459,338.650.493.895,354.306.466.541
nee,494.961.741.127,281.400.966.839,260.952.015.775,235.791.537.522,25.529.789.669,287.398.133.925,241.125.769.977,262.404.301.663,277.056.982.739,285.042.411,310.688.412.883,323.373.636.321,346.043.051.274
nee,534.972.628.089,328.926.022.099,27.832.327.117,285.855.711.187,297.054.213.064,303.622.804.708,274.257.848.388,297.616.848.606,30.922.158.205,319.577.221.353,339.410.298.272,33.331.994.016,353.519.195.652
nee,507.350.127.605,29.679.795.562,241.969.856.423,234.272.913.892,263.598.897.285,288.026.507.998,270.490.066.862,27.150.922.259,277.631.740.784,30.387.743.006,327.625.848.371,347.664.874.038,355.081.316.513
nee,505.156.574.395,302.378.147.741,272.328.171.919,261.611.468.302,261.515.750.787,300.634.895.285,281.236.641.854,277.376.683.964,287.014.772.784,302.744.948.931,311.415.765.813,332.404.940.236,344.511.421.479
nee,51.347.661.639,299.436.153.376,269.148.395.641,248.868.678.925,267.394.806.122,308.279.601.388,288.820.436.448,282.351.826.557,278.732.593.475,290.041.955.274,308.093.615.317,327.057.414.508,354.030.582.172
nee,541.440.421.876,348.849.758.702,290.548.979.016,293.242.458.174,301.274.833.706,300.804.321.961,273.473.883.799,290.009.721.181,300.969.771.298,328.147.548.788,333.668.207.127,330.841.211.169,359.918.369.368
nee,47.914.674.584,283.533.805.372,229.298.604.448,239.682.144.584,234.693.671.506,249.176.429.073,237.179.112.164,243.272.621.878,250.698.880.787,280.829.738.591,305.213.564.503,323.616.938.503,341.972.792.827
nee,549.626.537.255,371.066.225.471,349.472.549.904,307.349.663.531,291.924.272.429,285.530.487.053,268.504.068.358,281.873.047.067,291.560.222.799,293.316.865.662,327.495.476.981,367.571.417.014,39.800.430.769
nee,556.345.078.596,38.099.021.531,365.657.415.476,317.914.525.654,296.815.276.373,303.231.754.228,284.704.680.919,303.527.996.698,302.959.093.426,329.845.977.305,351.450.823.199,378.290.905.363,406.254.105.597
nee,570.184.239.605,384.502.609.437,354.102.257.054,31.201.393.565,312.737.706.741,313.246.540.674,282.093.875.238,30.303.300.543,304.752.026.319,342.258.068.392,35.173.409.646,378.552.183.773,41.829.217.106
nee,554.584.113.494,375.964.093.026,341.704.902.485,30.012.933.885,296.333.598.011,299.137.084.945,260.258.786.379,277.035.882.386,274.930.578.767,311.979.036.428,328.624.003.878,368.868.432.595,402.043.755.214
nee,586.509.518.204,404.065.976.525,377.625.713.875,338.053.296.589,332.627.873.074,33.246.848.699,312.498.365.157,325.472.146.822,310.886.884.439,334.265.849.312,35.155.825.859,389.887.750.688,417.884.201.115
nee,558.207.155.537,383.581.362.687,351.778.208.505,317.503.552.009,297.239.147.093,309.684.810.441,291.394.004.222,308.865.714.533,292.299.194.079,329.897.592.209,350.330.688.755,376.439.476.514,403.301.950.003
nee,555.995.228.617,385.666.912.019,347.058.699.352,307.866.423.821,301.034.187.785,312.639.708.152,279.071.774.503,290.805.276.608,279.097.003.023,311.989.071.223,343.625.243.177,359.866.835.015,399.610.893.992
nee,572.244.628.601,38.937.304.953,356.407.450.051,304.879.919.386,303.344.642.302,31.163.397.148,277.243.808.707,287.493.787.611,290.128.732.279,307.247.555.047,329.551.257.811,361.845.350.076,406.121.775.857
nee,583.202.519.726,422.538.524.438,382.271.286.866,343.413.415.684,321.265.798.732,332.315.895.196,31.574.827.788,327.614.144.358,320.625.124.858,337.146.423.044,348.461.620.141,380.538.570.003,420.602.484.275
nee,522.567.878.464,364.632.801.271,322.186.192.045,280.951.727.993,275.235.262.499,287.597.210.776,256.355.452.761,272.257.385.255,270.434.192.281,300.541.854.759,31.261.576.909,351.769.717.187,385.439.814.558
nee,509.712.285.965,331.221.224.578,303.993.811.259,242.916.592.767,263.807.027.214,296.412.687.153,314.505.166.725,344.510.483.522,425.643.804.416,486.797.356.664,507.311.249.499,523.733.878.543,571.514.806.422
nee,549.323.201.425,380.504.600.105,359.694.267.559,277.592.127.633,294.244.518.844,318.241.037.139,353.523.550.465,376.175.120.382,437.630.445.198,500.801.643.137,529.328.624.006,545.016.734.454,59.806.359.983
nee,516.325.124.639,366.894.694.749,321.000.868.892,244.803.711.416,276.967.062.641,318.366.871.494,356.538.445.714,380.804.192.584,43.617.814.419,513.921.532.732,541.944.190.144,549.103.100.246,590.482.002.886
nee,477.967.198.727,299.867.744.984,28.227.797.458,206.145.011.109,246.560.723.993,273.194.350.114,318.278.279.168,348.488.697.201,416.388.695.628,495.400.548.912,528.062.137.323,531.504.061.325,567.597.177.536
nee,539.045.951.393,402.502.216.847,348.918.617.001,265.478.756.275,317.145.670.522,343.286.457.682,39.063.741.044,413.465.306.122,476.630.698.674,541.569.505.184,561.362.488.419,57.544.149.238,634.807.335.461
nee,522.006.871.624,365.150.460.523,320.042.356.026,256.100.054.635,268.135.587.954,317.805.216.625,35.181.043.553,384.291.658.158,438.948.467.615,507.986.516.553,541.936.433.218,546.578.747.115,591.478.902.233
nee,48.793.890.863,298.988.541.354,2.976.709.569,245.367.662.126,267.521.534.305,300.750.502.389,334.251.840.301,368.115.840.559,43.021.987.539,502.170.791.545,536.153.462.819,530.608.712.269,566.051.055.306
nee,490.192.285.868,338.764.124.168,313.123.690.656,234.006.336.055,259.547.711.127,304.291.679.209,33.887.585.553,358.261.231.428,429.786.047.076,500.912.658.518,529.782.038.197,532.145.943.508,576.244.914.738
nee,554.759.502.041,381.447.135.812,352.173.529.605,279.320.638.696,320.800.887.736,345.111.374.821,378.194.037.988,397.489.454.161,475.300.472.609,53.386.787.366,55.719.753.986,559.767.727.528,623.234.195.043
nee,519.429.135.468,301.952.476.043,310.840.598.171,235.290.014.469,278.155.257.606,292.257.552.397,31.874.322.052,343.871.527.778,403.315.585.152,468.609.793.731,49.553.840.306,506.118.277.989,561.531.884.768
nee,584.500.275.216,424.616.507.887,398.884.795.119,342.716.540.335,361.726.084.054,370.388.681.374,379.920.352.487,430.079.891.016,501.008.502.032,543.579.337.362,589.928.696.268,660.217.492.075,726.084.444.913
nee,598.833.907.131,467.486.735.227,434.148.419.206,39.326.322.411,39.743.837.117,417.467.373.041,428.575.222.148,470.956.112.952,516.824.689.434,561.215.575.124,627.578.034.985,698.092.495.226,750.361.521.334
nee,595.143.582.896,448.119.808.472,411.442.970.626,365.203.385.688,368.335.356.319,393.157.930.472,405.571.134.864,468.714.953.288,507.242.355.458,563.109.012.269,618.575.786.693,692.705.203.457,745.671.527.432
nee,5.794.763.244,434.602.948.247,427.035.218.863,380.809.032.962,363.160.066.828,386.954.056.247,38.864.372.092,448.825.676.444,482.361.496.977,53.503.462.127,605.892.700.751,67.953.837.457,728.833.739.512
nee,621.282.658.745,471.045.515.376,436.797.089.623,384.559.251.195,397.723.511.565,420.362.162.027,432.685.696.511,49.275.114.433,552.748.480.128,605.521.028.508,662.448.381.919,7.282.403.908,786.237.111.497
nee,60.030.147.751,448.171.912.874,410.542.483.967,372.772.068.885,355.650.872.896,387.193.580.083,39.656.777.108,458.955.647.864,504.252.376.888,57.179.247.456,622.996.451.811,699.831.993.296,746.381.686.193
nee,594.648.762.472,440.762.629.767,412.280.904.845,358.686.664.705,366.045.920.242,388.806.465.136,396.270.199.215,461.063.822.261,501.193.701.512,55.941.852.434,607.656.555.516,675.269.380.041,735.822.486.505
nee,59.958.993.052,449.784.282.134,424.478.107.435,378.222.119.971,371.999.826.781,403.864.654.437,41.970.954.287,462.766.419.216,506.818.818.514,547.207.929.085,591.230.516.522,661.559.818.143,71.121.005.102
nee,623.480.712.512,474.641.891.925,453.028.199.951,403.550.660.109,416.489.176.735,431.319.486.413,436.432.776.575,493.602.518.207,556.944.782.145,592.018.240.926,648.446.859.365,716.136.668.937,778.491.062.158
nee,578.416.147.726,426.391.849.574,404.945.153.388,35.602.895.688,35.697.202.261,365.717.707.318,373.754.360.297,432.754.695.237,498.333.028.295,541.849.710.573,598.848.927.605,66.769.392.614,711.829.295.033
nee,360.015.035.573,33.488.133.085,387.723.477.473,434.989.147.877,443.066.558.471,352.000.578.568,339.548.828.812,339.549.801.901,412.740.088.198,33.670.989.294,337.624.663.729,329.186.996.888,333.925.562.635
nee,385.049.495.821,353.656.684.546,404.069.791.727,446.294.060.482,466.620.482.482,390.929.003.881,367.630.304.425,359.185.199.834,383.861.389.094,396.950.889.263,381.285.751.784,346.569.776.592,353.212.859.853
nee,386.107.572.443,338.490.402.705,408.971.640.384,442.715.356.206,466.225.284.001,416.341.360.536,359.448.803.816,393.991.827.042,370.571.799.485,426.560.377.499,421.124.146.718,359.229.990.082,356.425.636.711
nee,341.985.046.183,305.531.424.228,379.806.766.945,39.503.043.748,42.664.223.923,404.045.213.249,395.952.194.738,449.286.848.665,389.316.338.807,398.617.185.851,389.442.213.542,357.343.805.587,353.815.085.665
nee,42.257.731.483,370.808.874.078,436.099.955.227,485.413.636.399,501.164.589.291,417.002.676.524,391.609.107.528,429.301.094.508,472.760.822.195,415.939.015.384,386.299.085.024,371.447.285.266,361.508.777.352
nee,356.440.816.079,334.665.994.248,396.931.437.665,438.080.550.657,444.648.750.731,380.291.066.888,35.319.573.872,427.169.650.324,463.552.898.477,457.098.416.643,411.351.262.116,370.190.918.114,355.011.668.294
nee,365.790.387.786,31.817.950.931,396.106.446.284,419.237.861.597,425.556.228.892,392.364.277.548,362.925.918.717,458.271.265.163,469.183.665.082,426.934.476.674,403.551.167.231,379.294.052.382,356.627.466.758
nee,351.366.071.535,320.291.564.731,394.016.735.241,410.455.963.911,419.484.344.264,404.480.048.982,412.926.742.706,49.771.467.892,433.100.268.326,402.814.150.631,406.932.371.298,384.579.922.341,355.327.663.127
nee,405.070.561.326,372.990.671.947,426.799.268.407,475.551.176.518,523.252.727.656,444.409.654.422,382.745.931.915,450.081.894.618,463.360.109.206,43.534.733.578,449.741.662.915,387.834.251.765,374.051.403.272
nee,322.704.731.196,305.102.706.348,360.814.885.341,403.294.025.977,429.090.990.789,356.304.485.242,318.197.104.716,407.422.156.479,445.554.190.466,419.403.639.224,375.583.998.095,349.202.787.152,348.648.077.387
ja,633.294.306.995,653.400.642.196,535.492.153.669,548.425.804.069,581.564.400.103,646.405.010.971,698.322.057.241,649.445.720.965,732.401.999.118,715.719.605.548,792.099.562.897,921.560.087.058,906.047.619.309
ja,793.371.016.485,801.980.878.064,9.356.747.017,887.624.380.463,980.826.423.603,915.447.997.531,850.168.584.834,941.816.336.837,966.724.012.052,105.727.271,116.536.112.741,108.638.909.327,944.945.337.269
ja,997.567.325.416,723.831.909.195,696.708.107.446,730.318.865.519,813.556.372.727,765.865.149.657,78.582.877.551,792.390.940.558,822.122.035.304,759.541.990.612,722.222.042.495,725.762.309.939,66.350.494.185
ja,110.560.218.069,112.806.141.172,116.501.452.505,115.101.918.451,108.163.989.365,112.941.096.614,110.302.049.569,111.178.842.224,11.812.519.813,141.130.373.723,144.062.806.001,133.509.429.913,105.696.263.443
ja,124.035.927.178,981.566.178.321,884.327.600.165,826.520.693.662,77.581.392.905,767.129.829.195,744.759.688.048,730.901.093.526,708.599.296.641,712.212.178.841,738.210.147.164,780.904.094.073,81.846.771.583
ja,588.021.431.413,322.459.737.573,300.518.714.972,244.096.953.462,266.370.150.128,299.853.370.306,308.358.997.771,370.134.520.825,386.484.336.666,417.040.425.525,423.355.235.779,46.223.052.873,467.038.598.714
ja,-334.614.944.751,-330.355.818.701,-303.539.882.913,-380.768.535.882,-357.307.237.229,-320.747.041.134,-248.367.362.793,-197.764.624.582,-225.857.753.128,-179.206.112.511,-119.396.310.206,-0.674938859239,-0.676477458017
ja,1.077.461.515,109.498.874.992,110.419.346.854,114.504.537.347,10.746.824.756,112.563.286.637,114.427.155.947,102.789.330.414,95.421.164.167,10.134.637.983,108.024.707.524,118.340.071.185,118.533.169.714
ja,869.945.654.717,730.534.086.803,703.293.602.548,668.235.610.546,619.110.925.633,630.053.447.662,622.395.579.024,633.294.376.978,63.559.012.757,64.695.560.947,614.388.508.028,626.469.485.869,641.935.886.194
ja,904.693.851.595,839.216.147.766,90.207.745.641,933.847.163.976,995.258.607.446,942.886.469.825,890.320.649.149,903.105.471.542,917.644.680.704,875.020.512.675,926.221.229.584,92.756.729.248,98.396.646.063
ja,824.857.346.946,727.868.219.961,700.083.740.102,646.935.305.913,6.110.693.077,625.529.349.577,631.654.577.131,629.310.771.877,623.781.697.062,626.826.471.371,606.647.081.158,609.474.852.058,629.444.618.683
ja,538.583.793.584,448.741.112.565,473.345.225.207,441.538.461.984,455.993.719.814,485.837.008.452,527.354.751.841,58.515.928.807,62.252.376.083,634.639.527.747,687.612.647.448,755.845.565.146,805.020.746.119
ja,260.535.538.644,0.658106894333,162.777.766.492,0.893145653446,226.350.113.885,258.960.999.822,222.770.367.749,237.574.995.018,207.423.252.135,251.401.030.544,265.059.425.812,289.276.730.208,322.992.465.506
ja,254.531.815.166,195.517.863.713,265.787.023.682,249.314.153.629,265.660.363.963,324.243.408.829,291.714.103.431,3.214.006.232,395.843.589.898,451.688.844.607,503.792.836.596,564.007.893.254,602.019.310.797
ja,54.432.592.449,476.015.947.197,575.304.114.044,600.437.361.751,530.569.614.189,549.385.122.362,571.441.240.159,612.421.272.119,604.675.205.138,6.079.477.034,604.687.048.372,645.725.995.369,636.760.369.011
ja,-132.018.869.345,-0.479294074963,0.134458385969,-0.611185545425,-0.072389510584,132.459.694.075,0.710860881347,0.431138053562,0.388338556139,0.938653645691,120.412.185.334,143.695.683.642,0.9693990386
ja,107.539.066.822,10.304.354.877,116.421.675.823,112.974.492.345,102.344.973.601,102.791.081.443,10.500.628.469,10.608.670.372,106.639.894.841,106.973.863.002,101.991.252.246,955.205.316.506,971.549.095.276
ja,419.126.080.735,477.709.356.055,640.025.181.789,769.101.275.272,732.064.599.659,754.516.742.517,736.891.918.626,746.785.386.433,792.200.335.096,84.653.105.938,863.416.097.264,864.021.171.708,894.474.308.293
ja,925.589.138.881,91.455.111.716,995.896.356.108,103.129.911.137,105.967.085.902,103.275.041.752,98.679.488.945,104.149.164.699,112.896.177.504,119.324.497.428,122.137.441.422,128.582.372.137,124.739.713.639
ja,770.388.534.945,796.772.457.697,837.746.009.746,845.211.529.167,964.261.235.604,929.566.471.876,920.910.515.096,103.247.007.166,933.806.365.793,860.784.042.616,867.758.766.919,940.770.903.313,927.576.754.286
ja,101.979.982.215,83.557.859.446,87.459.711.309,896.577.490.746,99.759.720.944,104.040.621.004,108.669.216.007,105.022.508.575,941.101.517.216,91.744.660.911,969.103.827.309,977.091.620.302,982.098.613.674
ja,277.916.816.073,120.696.348.074,0.716115135845,0.999529487093,134.284.634.716,168.714.796.065,162.028.085.417,18.611.808.591,18.509.984.593,233.318.803.328,242.548.194.689,290.019.822.208,283.169.145.988
ja,0.38881318365,190.673.765.765,311.386.140.893,326.032.768.589,312.542.893.138,292.067.270.494,256.610.064.958,25.130.497.983,256.727.716.417,340.968.540.456,412.787.448.266,448.870.303.126,480.651.609.254
ja,653.137.115.185,445.117.738.782,493.631.876.588,447.060.785.597,496.105.767.271,562.592.103.469,564.834.371.434,567.447.939.411,557.139.965.753,539.781.260.633,568.987.441.406,639.173.218.374,65.666.704.376
ja,615.700.861.145,62.776.351.084,712.670.246.619,708.221.475.852,858.486.540.494,105.689.265.583,100.490.200.722,100.213.558.849,939.859.255.694,821.214.879.579,842.304.425.152,878.163.253.027,873.171.899.146
ja,927.277.396.263,877.935.580.658,850.211.214.913,774.033.457.322,791.525.326.696,802.241.060.898,761.784.579.953,800.607.975.513,799.805.916.925,823.636.898.676,838.292.456.959,884.152.792.122,910.173.554.029
ja,723.365.174.287,670.167.028.281,744.670.822.085,711.760.400.652,761.611.349.678,809.048.945.813,813.199.030.328,838.460.044.366,851.403.033.507,834.585.207.181,809.660.621.134,84.825.994.228,856.523.698.216
ja,894.228.067.199,869.531.244.592,855.142.434.756,776.405.638.072,765.311.153.889,766.998.521.732,754.636.789.643,799.157.646.036,799.375.535.836,80.895.922.466,835.262.487.819,89.171.696.542,923.490.594.542
ja,232.718.237.207,128.251.498.261,136.701.556.887,153.411.525.335,213.217.187.944,270.333.984.395,352.073.019.813,315.910.059.336,327.861.393.064,377.560.180.432,415.122.602.164,449.342.001.076,486.078.829.089
ja,41.966.277.978,377.800.054.043,333.558.890.208,301.488.326.846,348.177.940.874,367.408.150.164,377.029.727.402,403.679.566.238,433.163.391.927,435.214.071.391,504.220.460.062,524.855.307.127,561.907.092.663
ja,126.076.426.787,100.055.808.087,909.277.787.077,847.506.372.076,795.253.637.342,785.820.241.469,742.932.705.525,741.308.331.415,729.713.181.003,720.565.169.852,739.424.687.146,779.887.366.154,799.819.770.996
ja,474.210.662.619,262.722.067.346,252.178.526.735,228.020.183.071,269.402.727.412,30.428.610.913,339.890.520.203,381.633.221.542,394.936.087.127,435.447.407.286,476.041.128.958,521.881.070.229,553.846.337.195
ja,559.632.206.238,526.321.477.967,561.131.135.243,572.278.961.174,619.336.848.396,657.815.390.693,699.237.906.656,745.470.031.093,763.087.608.771,796.841.109.082,820.828.836.331,865.802.243.724,885.591.992.846
ja,114.833.282.385,0.390905963631,0.205031000183,-0.156350658496,0.265275568739,0.769180480884,0.853290680116,0.914852812807,0.830027511415,116.580.681.697,162.422.931.288,226.430.907.919,268.082.145.027
ja,144.944.277.473,125.018.261.389,228.632.810.525,256.127.066.386,569.498.371.883,722.074.712.805,492.219.103.952,426.631.091.444,378.713.161.747,467.772.681.863,472.406.199.449,424.985.294.533,454.717.061.166
ja,488.808.986.269,40.564.873.261,478.550.018.204,492.750.741.364,609.783.171.461,671.320.199.431,632.752.716.154,647.890.463.388,561.070.679.661,50.238.787.114,518.670.284.167,521.278.572.899,529.164.027.462
ja,581.158.965.198,449.483.066.412,552.616.079.914,560.603.713.791,638.985.057.083,745.906.468.886,78.297.415.397,834.067.612.718,855.976.470.331,896.149.589.634,921.974.443.007,976.057.905.664,996.056.227.909
ja,31.864.909.361,255.751.061.512,341.992.869.797,318.537.679.356,491.350.486.029,531.680.728.772,437.195.988.261,510.587.427.618,45.145.550.727,377.162.763.602,35.166.363.628,455.107.688.805,420.398.129.456
ja,188.389.363.368,121.898.108.513,151.011.847.473,154.261.932.706,209.993.747.833,248.118.498.553,279.996.389.542,316.241.564.084,312.771.191.078,361.288.068.275,383.949.542.658,436.187.589.767,456.706.374.682
ja,671.067.335.396,668.443.433.155,756.831.551.335,766.008.053.502,869.047.145.227,896.414.485.558,90.902.295.674,940.840.825.702,913.241.056.928,928.589.799.122,918.765.611.661,919.119.528.817,899.560.832.545
ja,938.179.223.334,10.666.311.178,105.603.442.839,100.384.223.973,972.531.012.319,94.394.136.278,975.900.558.337,986.313.756.183,959.964.619.186,977.323.908.755,104.781.170.058,106.465.215.321,11.121.810.153
ja,355.333.470.698,281.418.701.374,281.696.065.903,265.943.345.596,311.763.218.659,382.454.452.419,424.999.459.264,443.330.229.567,451.426.039.578,469.608.514.049,470.567.381.868,577.815.485.051,668.535.986.124
ja,103.051.525.093,922.890.929.713,81.805.562.333,878.195.336.774,823.321.708.725,829.115.008.898,873.313.758.489,852.119.252.033,816.588.357.808,787.032.191.132,807.643.200.156,853.288.626.733,882.284.192.472
ja,2.053.478.732,34.542.642.029,379.647.428.859,347.511.167.243,483.286.796.328,565.629.111.009,630.537.424.589,744.087.365.635,770.454.318.144,880.232.647.785,892.551.510.833,924.262.455.719,93.756.833.911
ja,716.169.707.943,689.956.646.769,715.888.266.394,771.868.757.357,856.781.628.572,87.982.353.706,887.055.717.849,938.841.019.002,940.918.858.612,926.990.858.627,878.834.499.677,933.104.810.826,895.026.226.043
ja,881.095.629.862,770.840.315.857,763.711.791.583,843.659.712.551,856.909.618.633,836.362.800.268,92.184.940.553,865.688.316.579,783.041.708.846,774.593.313.961,822.171.927.685,842.826.905.596,870.142.675.286
ja,446.640.852.969,319.161.287.888,269.288.522.287,260.131.456.838,302.731.768.036,341.039.728.263,382.525.221.621,439.596.753.543,432.657.765.852,487.705.393.414,514.427.546.993,568.711.967.937,58.081.007.863
ja,-0.767555612159,-0.134464856525,0.889923234221,0.890871894833,0.545049602595,130.498.458.508,237.830.331.057,326.390.735.575,35.980.502.166,387.881.040.144,319.638.728.928,11.024.042.311,0.667864285332
ja,768.001.696.856,823.364.538.491,878.268.524.806,877.290.464.006,770.726.156.074,727.141.860.453,731.171.258.377,792.599.394.336,842.461.103.291,892.041.238.953,100.180.466.195,104.977.466.295,110.465.999.849
ja,758.764.474.677,694.144.957.525,692.461.245.219,721.572.856.978,663.847.378.153,626.565.975.158,624.079.105.074,663.064.479.338,692.861.226.013,71.045.190.493,74.521.251.343,792.562.837.648,784.838.801.933
ja,689.457.298.545,539.454.774.841,533.485.658.744,501.251.248.064,526.262.729.658,554.352.182.405,568.921.689.762,592.313.770.864,627.384.372.996,651.510.809.391,700.076.543.847,731.467.462.679,76.419.050.806
ja,135.020.257.809,0.206525005675,0.809970351178,0.64525531864,171.875.877.836,325.938.008.618,365.768.853.721,361.909.564.156,429.236.061.129,443.582.257.308,45.527.698.638,433.603.462.566,453.690.694.198
ja,724.587.807.931,448.314.762.445,376.084.578.947,304.096.911.821,275.342.258.237,265.402.711.817,245.424.440.065,251.801.679.892,335.470.271.557,414.732.133.671,392.174.478.858,449.261.470.503,50.044.362.399
ja,120.781.097.939,103.197.728.861,101.643.560.418,963.276.726.324,988.453.214.913,100.271.461.561,101.909.246.918,102.476.279.705,101.420.776.752,106.456.928.782,108.265.197.079,113.542.688.347,117.544.505.938
ja,834.132.796.564,7.740.912.148,829.356.081.435,852.463.827.452,851.331.849.215,90.608.792.875,890.778.562.988,842.561.223.379,790.015.875.252,787.235.813.839,790.701.979.524,866.707.570.584,93.702.321.052
ja,102.579.228.254,801.823.419.188,874.695.399.268,838.157.146.898,870.412.844.763,904.026.654.869,924.883.440.273,91.896.668.747,93.912.829.237,971.448.613.272,100.560.488.528,105.251.279.107,113.420.600.121
ja,601.166.143.482,432.078.100.148,412.563.076.355,330.906.085.685,337.646.943.155,34.865.398.053,364.021.954.508,395.351.696.853,391.991.249.949,437.119.778.051,462.685.690.709,500.678.598.402,530.725.027.476
ja,12.133.212.964,112.625.043.023,129.913.690.475,128.910.649.877,116.884.241.823,118.029.846.389,114.233.362.115,113.791.957.618,116.782.640.283,11.814.911.097,119.937.781.568,115.017.034.077,119.728.360.527
ja,59.923.122.656,383.059.050.366,391.725.709.808,287.272.509.525,315.989.770.904,349.745.052.403,359.270.618.481,386.020.221.281,393.137.760.486,430.824.129.044,469.956.464.674,507.628.987.186,530.169.578.832
ja,123.377.256.152,115.747.376.068,123.130.987.272,127.792.975.472,122.568.334.233,122.553.321.065,12.056.442.664,13.167.412.053,130.531.210.304,130.086.161.737,127.931.934.487,126.211.092.823,130.166.891.056
ja,632.353.592.838,433.419.437.445,427.479.925.911,463.739.169.096,526.028.406.789,512.274.487.285,4.928.825.005,543.507.210.847,570.018.669.426,568.760.220.833,609.341.060.167,644.291.491.708,65.776.007.605
ja,834.473.340.751,784.282.844.956,820.752.746.966,855.622.196.063,922.829.979.282,970.007.190.669,102.516.705.023,103.287.432.463,105.934.196.957,109.117.923.813,112.377.863.217,116.059.012.724,118.973.350.416
ja,49.840.340.984,335.961.823.417,321.650.170.821,286.759.815.911,291.937.855.107,349.584.109.147,360.359.086.047,407.391.152.531,443.483.012.735,473.182.496.901,525.396.798.477,571.023.176.919,611.048.281.586
ja,800.663.650.609,688.797.091.261,763.498.725.103,753.543.282.749,794.269.566.978,856.720.197.866,863.332.537.061,916.877.069.523,960.079.968.321,941.941.741.243,97.253.070.368,101.282.981.515,992.763.966.515
ja,748.529.951.551,772.475.508.442,851.792.900.625,936.747.715.282,997.189.381.197,111.702.991.472,111.609.238.536,112.244.456.601,104.886.546.821,94.424.229.496,945.517.711.477,106.618.839.383,105.670.540.876
ja,386.105.466.501,440.688.433.301,377.098.269.122,30.801.308.277,367.012.814.228,39.522.359.617,403.523.667.157,444.344.692.815,472.248.533.611,496.632.680.421,489.387.980.036,54.114.572.188,562.345.543.443
ja,385.076.031.576,408.464.608.757,355.272.660.943,265.817.472.073,348.632.685.279,366.113.335.693,4.062.368.219,44.002.784.399,462.933.577.653,467.685.079.471,481.797.923.497,544.242.162.648,560.611.051.175
ja,636.190.645.062,439.128.521.493,347.063.788.292,278.115.080.321,292.542.770.104,301.952.445.709,287.756.972.429,325.926.904.592,340.179.878.423,38.667.092.316,440.571.283.017,483.582.598.268,49.478.460.747
ja,352.689.834.593,489.633.319.181,330.430.706.609,318.045.879.341,399.261.046.887,405.937.691.156,36.472.472.677,37.165.711.102,337.337.082.204,331.112.439.798,350.938.140.115,342.405.910.318,366.071.438.273
ja,0.535312972008,-0.528348167799,0.486895125828,131.538.214.119,0.850336106328,109.369.633.838,0.678312391386,0.728035593438,0.538337899685,0.715975848823,0.626456575842,0.752887893842,0.9741883017
ja,517.618.428.724,385.083.675.969,413.555.158.297,415.952.453.264,412.258.242.402,469.959.895.045,461.359.860.912,459.106.874.289,470.278.797.125,488.584.978.608,461.506.242.877,513.997.015.123,514.419.987.556
ja,322.324.213.181,110.528.721.138,159.969.383.146,156.194.897.934,275.175.440.245,374.424.025.683,30.873.661.496,287.465.043.855,289.783.611.737,317.096.535.619,343.058.939.837,344.954.512.844,345.528.360.335
ja,544.464.000.089,462.680.495.106,382.674.445.168,320.288.808.485,417.772.191.603,431.061.358.812,264.695.376.811,215.281.982.516,234.978.608.341,274.999.250.619,265.801.805.484,267.391.148.019,293.468.587.371
ja,135.267.945.813,125.179.388.802,103.779.614.704,948.931.816.969,888.124.421.078,914.764.485.438,839.298.792.362,853.786.817.847,856.432.805.182,868.584.812.077,888.661.784.735,92.296.842.395,945.160.229.054
ja,14.657.699.584,0.700885520115,281.556.302.175,362.608.400.425,400.517.183.975,427.027.785.026,445.738.316.713,460.791.400.676,448.910.312.516,525.009.060.935,502.545.598.494,516.043.444.274,521.949.364.703
ja,0.0897443570374,-0.334935591235,0.380995396662,0.654948232357,239.009.815.357,267.534.859.597,267.753.687.058,225.949.284.243,19.138.925.603,227.674.295.296,163.263.342.839,16.461.397.345,150.695.935.938
ja,688.254.527.919,605.850.183.125,613.050.370.417,696.663.848.359,719.382.489.001,750.544.368.266,732.579.775.066,725.752.197.284,704.362.550.956,752.320.791.284,773.450.539.761,797.146.218.132,829.961.679.826
ja,111.426.561.089,985.231.086.564,100.311.248.071,936.427.860.759,976.312.980.481,110.453.594.152,115.560.533.104,112.864.951.744,108.106.677.367,106.618.215.328,102.196.930.517,101.249.739.546,105.492.457.692
ja,122.321.345.397,112.677.559.911,114.441.337.574,108.768.584.315,102.082.077.664,100.947.242.426,110.586.171.452,121.839.043.919,115.497.680.768,107.047.681.264,109.698.155.872,114.222.374.555,113.368.233.649
ja,89.460.717.119,856.810.636.017,927.469.721.277,955.782.195.825,992.374.558.484,106.896.101.196,106.324.213.728,111.956.182.739,112.068.697.263,114.377.423.379,116.811.596.947,122.148.087.067,122.577.996.825
ja,699.915.372.534,482.245.995.125,391.055.006.615,334.665.992.359,327.742.049.659,325.731.194.617,301.883.786.501,342.138.200.648,343.964.866.617,363.135.990.986,37.938.794.184,449.957.978.126,469.840.848.736
ja,130.961.948.093,114.656.985.464,119.430.135.134,108.953.091.011,100.663.601.284,968.912.004.825,999.088.091.761,107.070.953.226,104.796.357.067,10.251.667.167,101.020.265.316,10.395.928.382,105.635.090.305
ja,768.488.667.192,807.049.848.811,879.234.311.821,990.362.394.051,101.584.763.413,104.276.176.851,102.966.740.065,106.842.886.188,102.486.932.045,100.466.901.164,106.178.098.036,122.473.099.999,118.857.143.684
ja,120.371.464.433,993.635.481.578,93.009.590.821,889.571.046.912,879.558.520.533,881.430.983.136,854.316.304.933,873.428.386.072,87.115.677.646,919.105.124.348,966.043.517.337,101.802.839.825,105.134.665.874
ja,692.113.468.409,42.276.923.644,417.716.547.792,499.047.629.697,511.999.268.998,541.027.547.192,523.664.844.172,537.208.193.685,562.162.111.764,605.938.893.426,635.162.553.722,687.035.262.146,729.896.060.698
ja,-0.0727337628227,-0.510352928969,133.894.496.503,235.384.646.842,141.055.368.931,126.357.046.342,10.632.867.228,175.612.866.826,150.949.157.782,133.787.547.221,163.010.022.574,172.130.759.451,14.726.345.948
ja,229.850.926.824,290.153.503.574,385.217.463.603,369.131.888.841,367.646.220.021,442.198.199.233,514.970.406.982,521.810.610.554,532.857.893.494,582.482.079.856,62.609.959.813,733.677.807.333,802.229.436.807
ja,241.619.733.795,258.579.942.448,355.759.414.616,332.518.727.695,36.895.869.004,434.316.418.441,48.884.021.301,515.338.006.797,538.161.879.111,575.439.758.866,628.737.982.998,723.733.848.643,799.689.919.447
ja,466.003.511.256,328.426.153.832,333.402.720.397,298.526.268.571,305.774.826.086,348.257.594.147,345.440.286.869,388.477.150.664,41.669.922.287,461.244.815.893,478.380.338.115,520.625.803.486,549.955.668.248
ja,8.777.212.575,82.497.129.683,866.974.720.417,936.679.487.243,933.943.809.241,928.853.168.328,941.117.143.691,104.736.998.558,103.480.895.903,101.490.320.502,102.975.658.291,11.069.701.481,115.687.728.463
ja,941.354.867.857,100.423.519.065,105.320.855.227,982.202.452.721,916.938.658.248,916.536.650.705,940.119.305.689,917.171.600.016,847.667.006.531,904.489.943.722,879.339.790.187,94.240.190.185,104.559.697.982
ja,102.412.657.564,86.708.304.188,796.208.838.285,755.733.052.222,733.096.693.684,70.487.140.595,656.808.432.442,671.713.638.846,690.556.647.466,680.046.702.871,675.942.428.807,706.156.844.425,705.211.498.998
ja,913.865.871.408,844.141.563.736,865.510.052.188,830.950.098.843,772.439.808.579,731.768.923.884,787.877.515.443,916.852.417.591,101.352.869.903,982.602.030.175,94.088.299.493,856.361.427.094,839.757.279.457
ja,732.578.008.464,296.684.942.572,245.030.048.057,226.069.914.929,281.133.483.731,347.496.439.123,360.037.476.819,354.865.168.148,392.524.864.325,369.793.282.651,396.967.166.146,434.520.570.932,451.892.543.022
ja,314.559.719.785,335.658.203.617,351.233.304.792,292.821.552.721,293.698.419.454,381.464.013.679,376.435.206.907,411.564.183.387,424.148.380.575,480.679.938.647,46.923.490.458,512.216.225.626,569.164.154.523
ja,797.104.551.473,636.739.651.263,624.207.618.547,64.886.764.001,682.419.418.325,726.906.889.448,776.547.029.092,784.115.615.471,81.144.117.814,850.259.328.919,889.101.776.934,914.613.499.161,889.867.653.954
ja,718.395.759.931,590.451.568.785,628.798.849.744,680.899.057.194,71.210.164.755,776.057.092.255,79.533.157.232,797.062.793.392,8.112.952.937,835.970.438.831,839.033.406.004,871.833.036.368,903.147.434.074
ja,72.044.396.453,550.585.142.608,393.460.466.534,322.028.221.381,311.653.528.356,284.612.403.092,22.253.510.285,222.975.392.911,193.771.996.882,188.670.124.294,20.748.618.943,214.418.051.341,219.436.008.846
ja,242.287.890.646,278.078.256.124,402.455.217.663,358.808.619.523,378.515.051.125,467.231.783.197,471.206.351.564,532.087.040.386,553.629.858.232,618.513.197.904,625.295.767.216,654.327.691.555,666.415.980.982
ja,686.606.448.039,433.922.417.493,391.511.503.146,525.830.851.031,544.944.419.383,570.384.513.303,564.508.043.449,581.874.397.659,593.001.103.775,614.110.235.885,628.471.168.464,696.465.800.718,750.115.212.196
ja,924.086.924.762,856.882.668.828,103.396.711.576,105.028.980.936,108.942.423.719,115.168.580.917,119.428.755.785,115.466.073.597,112.315.970.237,110.300.279.411,109.866.226.174,111.268.035.243,107.923.832.775
ja,0.749349766612,196.581.717.056,388.830.471.387,284.518.650.161,284.788.246.532,335.575.883.661,319.621.259.272,288.880.707.887,32.461.733.237,377.989.343.206,391.031.969.323,429.667.679.575,445.522.119.702
ja,906.684.422.222,647.454.070.124,59.571.558.093,516.085.855.736,570.119.115.242,582.455.589.043,546.893.892.805,612.202.580.314,67.078.706.345,711.774.251.681,750.654.475.277,84.898.253.048,854.225.220.613
ja,90.605.661.105,626.491.129.041,592.501.116.127,526.264.717.038,567.368.438.891,568.864.421.438,580.640.401.724,640.335.851.626,700.445.871.113,699.287.902.756,742.248.259.792,801.696.097.415,819.458.246.932
ja,390.265.485.659,220.019.264.752,216.516.504.108,174.777.032.683,223.432.010.464,240.849.561.824,276.845.566.978,294.726.606.266,28.445.379.238,322.196.483.617,338.538.068.771,332.748.284.764,327.468.551.073
ja,0.794504391675,270.655.409.262,258.983.325.622,214.956.320.694,186.636.919.067,255.429.978.036,284.479.822.449,224.248.354.811,288.012.443.626,342.910.531.059,349.701.725.706,406.452.422.303,423.554.274.045
ja,904.538.116.542,870.974.790.127,940.685.564.136,100.465.633.467,100.500.549.718,105.252.171.021,102.304.829.831,973.794.986.795,949.524.896.542,918.709.236.433,890.663.718.125,898.458.838.856,944.997.278.237
ja,-0.00286476111003,184.324.393.384,252.957.727.783,291.853.205.597,177.390.378.843,229.051.408.787,230.353.092.311,209.273.280.095,238.816.521.791,288.919.068.039,320.890.526.775,35.609.284.669,375.837.944.001
ja,549.100.058.466,398.153.034.532,544.252.924.166,486.865.849.963,548.471.935.642,666.442.987.052,672.360.338.381,709.258.521.846,689.280.727.301,691.034.968.745,661.992.256.009,681.544.953.307,706.344.875.023
ja,120.460.024.836,984.316.338.249,922.042.814.829,902.779.173.797,826.961.070.252,852.749.920.561,778.985.913.653,776.577.133.877,787.239.569.223,801.496.360.963,806.932.865.845,831.918.589.164,838.949.869.214
ja,11.143.577.822,105.916.722.118,108.752.350.508,960.968.581.686,889.703.670.769,912.753.213.597,884.064.628.311,8.516.720.899,940.541.229.491,105.704.175.411,104.322.346.879,102.165.474.881,101.863.501.136
ja,495.101.850.582,42.153.501.198,459.415.067.896,462.014.924.952,532.646.710.634,577.757.921.602,593.719.759.659,632.758.838.078,670.211.360.364,708.505.382.685,732.646.798.579,774.240.491.103,796.611.956.993
ja,591.027.879.019,421.318.244.503,527.961.262.179,513.216.316.915,560.807.954.958,723.870.837.521,736.940.790.236,734.875.969.153,764.589.716.252,701.719.826.439,666.584.440.821,671.723.469.737,699.739.837.653
ja,107.576.390.181,126.333.964.165,145.717.989.801,129.222.600.158,140.411.108.106,132.348.017.475,111.865.935.166,108.208.655.765,999.756.578.223,962.069.659.351,113.724.073.104,125.888.369.774,115.720.507.896
ja,958.403.196.698,853.885.890.412,905.715.969.268,922.390.197.017,980.869.549.438,939.346.090.464,980.678.431.158,102.561.137.397,968.042.746.625,986.406.889.839,997.706.278.972,95.025.650.676,927.813.418.541
ja,0.942437637819,227.709.508.833,26.531.622.262,174.422.901.675,244.094.809.318,310.837.645.456,440.633.620.884,419.722.038.009,392.134.039.296,437.206.469.311,379.110.566.417,345.404.460.648,389.408.395.898
ja,-0.106604956495,198.537.924.427,265.385.796.169,256.936.795.904,478.453.732.549,518.159.902.515,278.418.962.348,262.129.617.891,365.688.761.693,353.698.377.566,377.837.219.168,437.519.165.949,414.926.582.597
ja,641.070.922.899,437.449.122.993,412.275.587.826,4.004.122.767,450.988.919.182,477.178.442.273,519.803.571.884,583.736.201.205,64.091.234.063,739.935.926.161,927.575.333.195,991.553.132.336,921.961.014.386
ja,99.316.248.681,816.828.752.552,8.482.723.302,937.755.955.655,88.212.161.238,938.215.423.889,947.047.535.604,978.252.656.124,100.494.888.921,982.141.546.404,983.609.274.369,948.525.116.131,963.533.885.614
ja,609.473.855.419,431.742.267.225,416.272.024.276,412.157.919.054,466.826.591.731,525.857.873.107,56.580.748.476,629.492.747.465,714.518.211.649,796.244.502.752,997.829.308.742,103.159.370.461,885.420.598.088
ja,73.843.254.615,503.899.992.609,460.285.803.609,432.902.897.775,388.543.688.226,422.760.809.113,331.545.754.139,340.425.957.523,329.691.151.296,381.597.668.935,406.639.890.584,417.057.178.836,451.915.700.439
ja,938.888.065.906,907.354.308.461,971.376.149.999,100.692.554.554,10.416.592.135,109.508.816.102,111.489.500.289,116.683.276.253,116.751.757.517,120.998.538.049,124.470.419.691,128.578.212.539,131.408.514.758
ja,115.814.678.345,11.772.666.201,124.123.989.672,12.042.504.928,123.509.488.151,124.900.106.467,121.916.519.564,129.189.014.341,136.145.170.314,1.372.107.437,140.627.322.829,140.546.871.318,132.300.160.014
ja,586.957.454.381,410.716.464.407,386.362.548.656,406.210.612.331,491.315.097.872,483.280.518.838,456.241.080.323,430.749.322.842,419.456.151.634,376.537.012.213,367.748.382.606,427.359.444.485,47.098.966.607
ja,514.385.688.063,518.199.754.184,582.581.731.331,826.281.288.377,730.056.914.507,72.799.597.639,739.916.476.703,83.204.222.997,85.732.177.051,809.936.100.701,772.160.372.213,755.324.388.283,785.398.354.877
ja,883.690.165.729,940.591.913.926,105.171.758.012,11.082.217.185,106.471.138.449,101.221.490.127,102.908.834.949,101.493.112.282,993.653.581.312,943.828.279.722,932.330.276.255,975.668.956.216,105.615.295.857
ja,124.994.726.388,105.420.524.551,932.003.574.047,874.777.054.487,927.792.875.687,942.656.749.346,849.746.161.231,926.274.468.118,890.675.982.575,872.589.921.038,891.603.445.605,924.268.275.152,94.604.614.392
ja,423.079.526.792,305.183.062.984,342.605.573.327,31.038.386.942,332.248.223.132,375.648.607.422,397.007.353.827,486.199.035.666,53.282.169.697,625.108.608.111,717.275.370.771,779.815.219.433,837.648.834.538
ja,531.619.530.392,354.667.949.399,362.141.439.928,325.663.754.988,366.067.334.467,379.963.401.652,404.506.807.439,42.442.668.549,44.146.712.209,465.596.559.435,492.861.466.256,515.448.774.824,568.094.751.251
ja,621.199.699.892,526.179.951.922,550.114.564.979,464.888.666.444,462.829.734.795,465.707.934.209,459.762.372.886,544.139.325.524,670.850.723.458,689.751.909.897,741.168.902.918,798.797.842.803,815.532.388.009
ja,812.513.297.727,990.991.724.648,924.044.001.024,88.919.511.332,952.452.215.319,904.799.952.683,985.335.909.669,989.325.721.048,101.756.986.228,101.877.046.619,105.856.089.366,109.463.004.152,11.235.375.133
ja,358.331.678.012,205.079.945.173,134.683.764.048,0.738062276707,177.218.884.931,203.981.784.368,259.868.630.008,295.521.313.545,28.146.714.475,306.382.385.453,327.471.942.287,39.691.548.622,454.040.123.249
ja,398.470.296.963,281.386.603.353,245.281.738.747,199.383.027.447,161.640.191.165,171.002.592.152,14.922.048.665,223.473.234.625,264.836.903.442,227.370.060.734,230.722.926.837,266.613.487.234,291.888.978.284
ja,822.082.636.236,642.227.039.365,676.581.017.283,658.834.566.836,676.127.698.413,711.559.483.444,730.028.751.553,762.645.627.274,781.578.928.029,818.607.517.821,84.146.504.045,881.734.784.173,916.470.259.088
ja,-0.343523723393,-0.837395199008,-0.0373617525851,-0.109476076993,127.083.880.134,171.800.700.026,217.476.265.675,267.707.073.681,302.853.449.842,304.522.911.703,347.956.992.733,401.787.340.453,462.763.803.714
ja,555.798.150.971,38.532.353.793,327.452.482.276,260.787.017.687,190.232.974.071,191.175.428.475,184.258.664.693,249.602.476.083,249.181.725.421,231.030.041.432,263.870.442.418,270.175.549.237,290.891.103.449
ja,220.870.848.479,405.752.561.974,382.194.727.244,470.317.166.112,467.334.983.259,503.627.560.987,532.363.301.392,46.016.547.947,445.060.316.766,497.742.370.948,519.834.790.221,517.008.151.807,502.274.843.037
ja,568.382.525.425,421.727.393.135,394.491.640.178,318.613.203.915,3.923.927.982,395.207.001.767,503.992.363.156,494.667.027.884,427.827.519.978,443.937.316.062,465.894.847.994,51.164.880.552,551.347.686.706
ja,835.093.315.832,60.434.152.622,513.267.410.482,490.421.837.972,482.210.748.956,51.426.196.626,518.819.621.531,563.143.233.178,569.559.109.342,628.242.153.366,654.078.358.711,702.004.416.859,761.693.390.977
ja,825.771.747.466,565.074.771.609,526.247.584.821,480.293.649.295,503.822.020.375,501.851.077.391,517.989.855.282,541.444.035.755,551.340.725.988,616.477.089.656,644.055.026.328,688.914.491.254,750.970.805.889
ja,427.632.840.517,314.903.793.904,338.149.363.899,314.974.106.322,418.150.768.941,413.862.733.737,422.059.933.506,470.614.601.577,465.279.606.663,482.708.642.162,515.568.698.805,57.354.315.691,588.574.992.564
ja,524.222.514.418,388.522.459.378,405.514.475.061,359.638.032.972,392.856.945.105,415.853.063.697,439.984.854.418,465.010.435.297,491.515.496.592,525.871.868.062,465.267.183.436,478.881.868.762,524.235.432.969
ja,111.385.763.042,255.433.640.185,310.595.147.747,307.318.739.312,363.561.570.329,483.612.121.918,507.382.932.359,569.892.664.636,574.409.638.293,609.715.792.228,698.534.262.259,690.655.050.292,728.369.561.656
ja,-0.28113776313,0.554882086023,145.989.525.879,138.823.792.577,235.627.613.495,335.111.689.016,341.715.555.369,425.251.515.333,45.228.966.558,485.793.804.845,559.842.300.017,581.344.671.797,5.981.383.088
ja,491.411.502.201,552.883.767.646,624.749.285.329,630.047.402.968,656.063.441.773,686.031.905.541,664.469.646.945,60.130.511.647,438.178.580.797,347.398.311.047,36.562.475.723,52.214.665.946,65.010.619.635
ja,357.460.157.883,53.600.321.231,519.974.730.013,623.973.809.057,604.626.840.517,706.232.284.533,698.455.204.085,67.980.834.936,641.694.695.618,595.066.557.156,596.955.950.909,629.622.297.153,707.937.627.059
ja,-0.636727003563,0.294323186493,0.0679972808677,0.387756434973,107.020.351.119,127.991.594.851,0.899931880383,123.155.316.092,220.170.581.243,277.365.292.087,325.881.368.525,357.814.335.824,322.519.652.908
ja,771.909.065.677,655.628.389.402,669.392.942.922,695.991.863.973,747.363.020.007,781.710.420.628,812.603.142.145,867.007.137.482,799.508.531.577,799.975.642.621,922.109.289.309,953.943.752.736,906.389.137.858
ja,201.245.643.575,0.75238151895,0.738536444019,0.63063923385,145.937.101.226,206.703.569.594,27.893.439.036,39.911.866.872,442.607.725.674,565.633.290.321,605.321.288.643,609.210.670.889,621.295.185.639
ja,115.536.694.003,109.925.033.787,114.710.529.161,119.141.547.107,109.489.969.221,108.381.059.525,988.867.073.339,100.741.474.144,106.202.895.861,113.126.072.509,113.286.680.482,121.383.672.354,119.129.093.955
ja,593.236.987.972,448.460.478.326,466.604.864.303,407.083.837.188,447.477.026.874,454.229.964.802,469.784.402.749,47.586.548.951,497.506.287.985,487.668.690.219,507.767.006.022,553.590.288.411,546.985.856.092
ja,627.735.914.857,542.911.795.155,647.762.850.244,667.492.523.478,878.893.426.409,845.301.559.805,80.874.317.866,737.112.294.329,659.496.068.975,721.527.858.749,817.484.694.813,801.498.010.834,764.999.290.885
ja,177.394.701.096,169.995.922.795,259.853.908.163,290.411.061.111,327.859.284.493,365.521.133.396,375.913.959.123,418.633.642.005,454.240.345.171,479.816.503.472,504.780.555.394,547.710.214.336,595.785.839.186
ja,754.604.901,548.539.266.583,551.645.306.124,54.611.471.101,522.949.455.253,574.186.905.294,584.050.310.265,586.708.331.144,578.983.425.258,606.091.870.795,622.911.522.215,673.626.614.783,720.996.194.162
ja,550.480.714.021,588.277.025.061,633.893.890.731,689.952.285.314,896.871.361.278,875.708.836.542,862.139.251.793,792.105.709.102,732.643.476.658,784.932.428.571,846.492.323.231,833.218.824.426,817.157.433.859
ja,763.131.443.087,597.976.974.486,615.352.949.169,525.209.504.649,523.639.291.121,563.573.061.262,592.914.800.386,579.293.883.432,571.575.492.798,603.680.847.464,623.594.133.279,676.304.306.613,739.681.226.811
ja,127.728.095.797,101.632.567.418,933.210.901.108,851.346.954.066,846.625.270.388,813.833.832.766,771.044.368.019,769.722.048.753,741.278.872.528,758.886.624,763.268.207.106,781.281.608.725,787.671.858.011
ja,457.672.134.184,241.529.973.227,226.161.186.271,193.984.836.147,20.516.480.576,25.616.754.205,268.402.853.074,277.735.332.037,358.691.182.983,336.097.070.528,322.305.897.223,369.288.306.141,3.818.928.792
ja,313.030.387.331,148.647.948.565,236.748.520.121,217.514.618.286,246.933.794.683,296.372.135.615,288.222.781.117,348.567.939.125,370.512.947.577,346.800.341.905,311.874.917.808,374.082.506.501,368.482.571.003
ja,638.237.907.911,364.294.692.498,320.121.574.351,258.474.391.533,275.303.343.524,263.086.674.723,265.474.804.521,303.444.947.217,305.426.576.656,339.374.020.492,366.525.878.128,408.407.551.686,445.139.886.599
ja,117.540.756.135,953.945.274.388,105.772.876.701,10.155.337.649,867.903.867.553,837.550.104.268,787.367.836.038,930.399.443.898,102.150.096.696,982.170.975.387,101.059.145.599,962.163.513.049,103.307.880.316
ja,558.681.426.884,37.750.645.394,321.308.649.161,252.971.983.178,280.812.528.405,302.219.441.673,320.667.156.279,37.225.996.875,382.891.863.802,424.163.597.145,421.333.622.926,450.925.247.979,457.130.155.313
ja,901.893.997.224,585.174.111.605,646.626.329.252,633.640.816.933,625.752.962.001,648.327.760.229,640.191.584.794,674.491.181.906,66.566.923.933,65.454.456.506,688.636.367.152,732.319.698.225,739.804.589.969
ja,935.797.200.149,553.054.563.059,624.330.142.705,617.032.883.457,638.415.461.201,672.726.586.631,614.105.123.263,651.823.709.396,635.657.922.199,634.717.291.991,674.887.370.158,712.431.537.617,739.027.490.925
ja,378.978.828.716,193.944.350.484,164.156.945.109,0.966514901148,101.746.987.097,114.363.848.033,113.547.704.867,126.865.759.472,137.501.817.988,15.003.137.814,242.739.775.662,22.664.469.142,240.279.057.849
ja,556.762.280.706,346.832.639.048,322.305.023.748,245.447.183.912,247.600.938.106,311.409.844.365,334.826.749.367,385.830.974.325,395.264.364.697,433.422.989.354,448.443.968.602,463.353.390.857,478.169.160.944
ja,135.755.657.752,167.089.896.923,236.980.271.997,236.479.792.333,371.611.078.297,454.859.714.662,587.788.947.516,660.316.242.707,657.856.609.485,717.455.740.701,659.355.542.289,739.301.870.879,77.517.941.705
ja,282.401.023.771,0.30626610009,0.28589783389,0.244780345627,0.188244762287,0.604637967772,0.802416206274,0.987353196878,112.119.399.025,129.502.002.189,227.689.628.957,207.824.582.466,227.345.911.176
ja,623.236.216.567,397.234.549.352,361.780.456.266,323.400.608.836,319.933.009.847,318.235.218.598,318.638.440.091,41.921.233.182,361.273.328.778,384.205.929.929,416.898.797.409,485.377.742.538,529.316.839.254
ja,541.857.940.278,34.429.244.129,322.202.835.142,258.471.181.479,261.705.651.106,304.508.376.489,336.378.080.126,370.663.921.376,388.706.617.006,438.683.532.127,430.551.378.088,464.154.116.058,483.972.710.576
ja,923.127.716.657,100.817.240.119,107.709.644.018,111.855.607.586,104.217.726.923,101.527.933.976,959.576.820.359,952.829.992.524,840.283.239.017,803.156.615.056,910.728.910.758,924.846.504.309,884.030.155.031
ja,932.670.967.546,550.088.917.616,612.873.516.619,572.310.874.105,612.278.521.537,629.141.759.884,577.143.632.021,616.189.449.204,612.565.468.884,622.991.862.853,668.514.684.323,713.148.969.579,732.436.963.252
ja,62.137.657.557,413.000.980.281,334.661.625.334,314.900.394.643,300.629.631.929,29.101.630.139,290.344.987.239,36.480.651.507,33.247.415.369,357.712.971.325,400.212.830.482,457.886.630.949,516.645.702.472
ja,153.593.700.017,162.951.430.375,243.340.083.193,246.427.310.783,370.127.679.182,442.388.306.763,553.108.906.689,641.447.276.212,656.091.619.119,73.219.777.506,666.390.961.538,740.815.442.933,769.919.820.437
ja,120.034.853.629,108.961.574.151,111.081.654.266,101.562.889.884,101.232.101.995,102.192.737.593,965.672.226.531,960.428.322.012,927.692.912.364,954.864.612.966,100.836.730.515,103.844.369.145,106.660.420.478
ja,324.776.828.142,11.851.214.272,221.183.518.264,12.283.912.449,226.690.145.087,279.954.325.217,256.533.283.776,251.688.931.923,229.999.515.156,294.482.501.263,275.784.675.373,3.078.740.551,338.008.363.165
ja,108.159.613.405,940.518.062.221,924.523.982.042,899.295.572.896,901.908.049.917,905.250.752.982,934.341.397.274,893.667.878.152,776.568.408.035,761.578.108.863,788.859.652.569,790.915.255.549,762.733.185.085
ja,594.207.431.843,559.325.278.481,545.457.818.494,486.475.420.082,604.404.667.344,628.755.076.794,471.378.762.434,496.830.583.063,5.190.594.321,49.457.117.905,499.821.113.101,528.900.029.957,574.842.617.923
ja,243.577.809.501,231.819.144.494,364.603.189.423,320.570.578.325,353.229.032.167,403.799.401.814,437.929.883.359,415.803.768.389,455.175.095.685,417.492.416.363,36.788.795.611,402.726.210.345,37.568.068.494
ja,810.612.536.024,672.832.786.504,709.214.180.341,648.401.052.408,649.891.395.688,655.688.719.676,721.001.767.997,767.232.149.336,730.832.676.848,754.710.171.693,782.376.103.671,763.181.369.412,80.657.017.524
ja,724.355.008.231,866.981.387.764,781.597.054.394,756.345.656.709,844.807.031.529,973.279.282.048,957.151.617.116,957.241.353.715,999.550.423.655,974.998.956.081,101.797.646.096,10.637.704.745,104.536.811.842
ja,183.332.626.262,232.993.083.795,394.376.132.298,448.198.998.591,63.104.272.465,579.747.694.699,897.453.534.339,917.651.347.176,806.337.129.477,77.165.906.033,788.411.085.788,820.871.764.974,924.786.540.555
ja,462.705.688.801,356.088.623.019,50.386.839.998,52.683.125.283,517.607.659.702,511.142.149.222,608.337.571.899,613.854.582.171,555.975.547.705,576.392.472.182,582.122.922.015,608.147.328.783,637.667.343.129
ja,336.845.113.466,164.895.269.044,197.441.396.419,202.195.573.445,275.130.891.359,348.779.340.898,344.972.141.457,319.207.254.723,301.584.362.402,355.683.830.042,338.473.024.041,369.072.854.502,391.765.912.748
ja,161.731.722.578,132.679.708.448,1.301.096.451,123.140.093.759,121.823.316.657,117.113.454.685,111.820.334.789,110.214.337.464,106.618.648.068,105.279.899.182,105.430.876.116,105.646.928.011,105.675.177.015
ja,782.711.660.173,627.785.003.286,638.593.011.434,685.734.379.404,685.428.972.644,740.633.579.247,747.247.668.884,802.751.456.467,816.496.486.192,853.188.507.201,888.744.960.815,941.132.082.021,974.956.532.096
ja,156.492.099.169,141.488.548.923,13.409.100.651,126.324.040.395,119.809.404.866,118.367.442.162,113.057.202.309,110.698.601.762,107.489.722.776,105.408.209.945,104.352.757.846,105.629.363.287,105.408.459.277
ja,-714.479.186.094,-669.807.991.174,-603.179.619.443,-606.846.598.507,-517.552.779.669,-464.122.185.578,-428.135.423.563,-363.099.214.676,-341.990.888.945,-294.250.350.173,-236.604.234.803,-193.702.873.597,-15.520.243.163
ja,572.855.732.069,432.473.827.153,405.670.460.505,315.034.423.891,341.262.847.309,403.068.617.842,497.209.176.795,488.747.319.152,432.783.223.888,465.987.206.752,474.775.715.845,507.779.536.725,568.435.550.021
ja,247.081.084.872,0.247307598377,0.324178580896,-0.000427335361723,0.760816905048,0.428226484911,0.118938326641,0.00586195894662,-0.192148886889,0.208269131926,0.680727418577,204.607.113.845,322.059.134.769
ja,-259.328.700.269,-120.464.258.882,0.771512577431,0.23014836869,0.38879221387,159.500.251.131,190.664.875.183,292.757.568.107,32.375.467.489,255.567.311.977,255.355.345.489,327.053.473.821,448.493.068.791
ja,642.164.220.816,638.519.209.968,584.623.246.937,63.879.860.911,638.726.016.927,661.358.710.392,642.357.828.096,65.755.773.504,677.688.204.159,695.868.136.779,721.321.181.873,754.009.721.806,76.109.404.773
ja,457.514.010.883,461.859.355.692,564.049.850.461,805.137.337.848,752.490.222.701,750.119.374.179,752.188.039.824,813.300.729.689,835.229.613.666,794.140.138.641,785.984.545.781,728.781.186.601,734.257.382.772
ja,630.102.325.501,496.705.649.695,570.987.753.907,610.038.776.469,826.002.366.787,794.296.252.445,838.364.107.825,852.866.054.101,797.900.741.961,816.189.717.817,834.910.669.524,817.106.259.278,794.040.779.895
ja,117.179.497.304,946.776.490.396,867.674.360.368,814.927.671.394,786.758.833.817,81.088.237.753,829.255.094.076,849.424.974.485,865.345.589.212,856.879.130.853,877.645.817.938,904.029.822.823,931.453.357.892
ja,74.784.732.985,695.905.949.652,802.137.337.429,829.541.159.715,879.338.807.635,827.481.140.328,714.013.830.976,710.438.129.431,771.516.880.445,739.957.875.183,789.897.043.156,828.739.184.407,827.135.202.286
ja,151.891.857.477,0.0849601953791,123.301.350.244,127.322.599.222,135.369.348.305,113.193.714.855,130.978.458.967,147.487.660.098,140.663.890.241,17.558.115.355,18.018.906.135,210.060.650.997,241.079.287.696
ja,615.608.175.822,354.042.538.336,292.005.252.443,247.590.494.698,264.043.670.108,272.711.352.823,273.138.626.178,317.761.820.556,318.476.630.166,331.264.169.405,35.638.774.774,404.488.090.064,439.915.188.904
ja,629.249.784.732,394.823.001.368,399.411.726.677,39.645.614.277,477.775.562.462,497.770.266.192,492.278.713.113,537.383.622.756,552.050.000.922,548.965.593.926,574.198.635.102,589.989.341.858,628.266.076.824
ja,0.452391404703,-0.481374956085,-0.635272488403,-0.733224766064,-0.110182558803,0.417667628076,0.969159335772,0.918639484364,0.800028793929,124.265.453,1.625.738.996,186.895.743.161,212.836.755.482
ja,404.191.204.675,596.548.834.653,651.773.298.168,575.794.353.504,628.723.537.574,678.704.581.041,631.741.030.706,555.762.387.885,547.852.849.969,532.542.891.602,518.160.976.235,485.485.486.871,468.589.651.416
ja,-0.464928445452,-0.805453576393,-0.983742215996,-0.750559265382,0.284254679598,0.900120337674,117.342.636.119,103.375.162.326,134.353.082.906,173.451.750.128,162.605.440.294,172.407.383.523,192.519.723.133
ja,0.532330258452,177.677.053.495,218.968.483.517,161.662.991.878,192.359.039.659,200.084.051.909,258.528.040.478,263.779.052.707,285.044.515.643,318.002.625.941,358.300.437.697,393.209.758.261,412.236.138.932
ja,357.514.619.863,268.206.457.924,136.549.652.102,178.263.035.967,225.604.908.242,225.736.334.597,27.624.921.571,274.030.473.253,293.222.948.608,312.272.919.168,345.236.976.595,388.100.588.227,417.136.463.612
ja,780.059.021.378,609.888.297.021,612.325.484.597,624.339.226.148,652.852.135.875,728.890.401.999,734.219.629.009,78.899.199.878,809.229.303.256,81.274.000.026,806.480.098.247,848.728.066.433,856.177.406.133
ja,779.985.055.312,759.609.226.458,872.046.259.083,934.949.517.831,859.545.730.525,731.008.706.485,739.233.225.299,936.448.096.704,103.981.537.848,980.655.814.724,897.429.163.483,972.709.299.611,933.213.382.995
ja,435.486.464.099,344.543.764.224,399.257.595.521,439.865.929.897,465.197.949.222,551.925.876.478,673.191.273.771,658.170.531.594,640.218.222.361,644.987.454.798,66.695.930.682,726.778.916.629,801.502.256.767
ja,171.063.301.551,148.901.714.843,171.356.205.083,181.676.788.892,252.791.560.538,254.856.193.282,278.620.976.426,327.411.968.931,3.487.611.417,36.577.762.785,40.442.413.969,447.644.976.175,464.072.147.164
ja,788.842.809.852,76.116.482.132,843.115.805.435,852.515.654.972,950.413.458.211,862.280.285.758,835.520.236.992,889.382.519.617,858.198.342.283,831.701.348.285,853.224.131.615,821.539.392.392,787.270.570.126
ja,740.228.645.303,861.566.479.738,784.427.753.015,765.446.434.925,862.872.375.336,97.160.659.468,954.437.238.982,952.406.760.092,995.965.503.317,989.900.664.851,105.563.394.132,110.592.750.128,108.874.205.703
ja,221.480.239.561,152.336.404.731,208.598.604.555,220.235.369.856,298.783.119.595,352.592.705.908,374.201.619.374,423.178.327.477,423.525.191.611,470.747.102.089,48.947.172.294,537.775.259.347,56.449.079.886
ja,464.415.529.879,327.235.410.613,309.092.879.339,311.032.837.321,35.560.291.843,376.861.690.702,386.264.720.275,428.779.434.479,447.996.766.486,479.204.281.709,53.932.050.653,598.088.675.601,639.038.307.767
ja,717.360.269.157,585.450.042.944,522.451.351.145,46.229.733.362,511.826.516.014,53.415.305.555,646.601.792.713,661.373.765.107,613.757.952.412,590.340.199.704,5.947.798.878,606.385.975.763,632.437.110.339
ja,477.964.327.077,506.098.845.566,658.155.520.044,669.549.804.496,749.596.164.336,910.174.589.102,950.061.431.582,969.757.704.419,966.975.480.829,929.949.300.136,892.474.558.251,879.857.322.143,882.280.612.393
ja,258.848.793.312,242.390.344.434,295.910.731.339,30.892.312.309,398.430.449.192,471.971.297.903,52.620.790.219,569.476.123.277,564.753.660.387,605.311.293.021,659.039.905.348,707.802.558.562,733.913.535.506
ja,705.767.108.833,797.896.315.121,774.421.525.855,504.274.932.787,451.800.375.665,476.123.333.738,451.201.826.811,489.062.467.155,578.351.849.699,625.296.692.949,679.554.977.526,724.531.382.172,668.502.122.637
ja,853.773.669.019,693.357.970.135,687.486.374.313,635.070.732.104,651.182.622.162,662.449.085.223,662.636.528.851,661.822.923.029,694.383.741.196,665.398.709.658,686.589.214.076,750.025.135.582,73.973.580.127
ja,202.970.257.314,163.575.315.299,207.471.006.571,234.135.793.088,25.183.124.228,248.953.601.122,285.267.501.627,348.322.820.336,351.943.013.718,381.156.946.146,408.780.604.227,436.929.538.001,468.420.833.235
ja,242.194.462.736,217.551.441.277,242.182.037.911,293.853.391.409,36.950.791.365,449.103.773.181,503.724.160.919,558.710.953.578,559.256.890.771,602.469.838.819,657.806.189.735,694.733.989.582,723.134.392.502